gov_town_code,city,state,latitude,longitude
1356537734,Diglipur,Andaman and Nicobar Islands,13.266700,93.000000
1356161713,Port Blair,Andaman and Nicobar Islands,11.668300,92.737800
1356004057,Rongat,Andaman and Nicobar Islands,12.466700,92.933300
1356144571,Achampet,Andhra Pradesh,16.629900,80.121300
1356837121,Addanki,Andhra Pradesh,15.811000,79.973800
1356850226,Adigoppula,Andhra Pradesh,16.440200,79.623500
1356085840,Adilabad,Andhra Pradesh,19.666700,78.533300
1356357749,Adoni,Andhra Pradesh,15.624400,77.273100
1356052912,Advi Devalpalli,Andhra Pradesh,16.663100,79.513900
1356076247,Agadallanka,Andhra Pradesh,16.712300,81.273200
1356998058,Aginiparru,Andhra Pradesh,16.681700,80.783900
1356687645,Agiripalle,Andhra Pradesh,16.683300,80.650000
1356311836,Akanavaritota,Andhra Pradesh,16.598400,81.811600
1356405611,Akividu,Andhra Pradesh,16.582300,81.381100
1356049380,Aklvidu,Andhra Pradesh,16.600000,81.383300
1356839498,Alampur,Andhra Pradesh,15.879300,78.133400
1356170039,Alamuru,Andhra Pradesh,16.783300,81.900000
1356256634,Alasandigutta,Andhra Pradesh,15.630000,77.280000
1356133308,Alipur,Andhra Pradesh,18.862100,78.875400
1356073530,Allagadda,Andhra Pradesh,15.132200,78.513800
1356302297,Allahdurg,Andhra Pradesh,17.966700,77.916700
1356190180,Allur,Andhra Pradesh,14.680000,80.060000
1356074737,Alluru,Andhra Pradesh,15.131700,78.513100
1356013492,Alur,Andhra Pradesh,15.394400,77.225000
1356947057,Alwal,Andhra Pradesh,17.504700,78.503800
1356997622,Amalapuram,Andhra Pradesh,16.578700,82.006100
1356070257,Amangal,Andhra Pradesh,16.849900,78.532700
1356001353,Amarapuuram,Andhra Pradesh,14.133300,76.983300
1356002501,Amaravati,Andhra Pradesh,16.513100,80.516500
1356070260,Amarchinta,Andhra Pradesh,16.374000,77.772900
1356604322,Ambala,Andhra Pradesh,17.650000,79.050000
1356831114,Aminpur,Andhra Pradesh,17.524100,78.324200
1356545605,Ammanabrolu,Andhra Pradesh,15.580200,80.148800
1356022195,Amrabad,Andhra Pradesh,16.383300,78.833300
1356024163,Amudalapalle,Andhra Pradesh,15.930100,80.689900
1356850881,Amudalavalasa,Andhra Pradesh,18.416700,83.900000
1356285975,Anakapalle,Andhra Pradesh,17.691300,83.003900
1356390426,Ananipalle,Andhra Pradesh,13.650000,79.420000
1356893543,Anantapalle,Andhra Pradesh,16.976700,81.444200
1356296545,Anantapur,Andhra Pradesh,14.680000,77.599000
1356328441,Anantarazupeta,Andhra Pradesh,14.001400,79.331900
1356087662,Anantasagaram,Andhra Pradesh,14.571500,79.407500
1356531518,Angalakuduru Malepalle,Andhra Pradesh,16.239200,80.611700
1356129922,Angallu,Andhra Pradesh,13.628700,78.485700
1356617917,Ankireddikuntapalem,Andhra Pradesh,16.288400,80.391600
1356732259,Annaram,Andhra Pradesh,16.784000,79.302000
1356764826,Anndevarapeta,Andhra Pradesh,17.093700,81.579900
1356744905,Antarvedi,Andhra Pradesh,16.333300,81.733300
1356118051,Antarvedipalem,Andhra Pradesh,16.331900,81.732000
1356163304,Apparaopeta,Andhra Pradesh,16.898700,81.568400
1356892681,Aravelli,Andhra Pradesh,18.719000,79.026200
1356043277,Armur,Andhra Pradesh,18.790000,78.290000
1356870012,Arrapalli,Andhra Pradesh,18.071800,79.738600
1356482140,Arugollu,Andhra Pradesh,16.825300,81.577500
1356994501,Arutla,Andhra Pradesh,17.134600,78.757400
1356547910,Asafabad,Andhra Pradesh,19.365000,79.274000
1356431305,Asakapalle,Andhra Pradesh,17.736400,83.300000
1356588318,Ashwaraopeta,Andhra Pradesh,17.250000,81.133300
1356060648,Aswapuram,Andhra Pradesh,17.834800,80.823600
1356275253,Atchampeta,Andhra Pradesh,15.541200,78.950300
1356405036,Atlapadu,Andhra Pradesh,16.783300,81.900000
1356989044,Atmakur,Andhra Pradesh,15.877900,78.588400
1356647980,Atmakuru,Andhra Pradesh,14.645200,77.355400
1356502281,Attili,Andhra Pradesh,16.700000,81.600000
1356495520,Avanigadda,Andhra Pradesh,16.019700,80.920000
1356265892,Ayyagarpet,Andhra Pradesh,17.219700,80.833900
1356416630,Bachchannapet,Andhra Pradesh,17.788300,79.034900
1356533455,Badepalli,Andhra Pradesh,16.754900,78.144300
1356883509,Badurpalle,Andhra Pradesh,17.546800,78.365000
1356145368,Badvel,Andhra Pradesh,14.750000,79.050000
1356744948,Baladharmaram,Andhra Pradesh,17.670300,80.162800
1356864369,Balighattam,Andhra Pradesh,17.651000,82.605900
1356903520,Balkonda,Andhra Pradesh,18.866700,78.350000
1356370202,Bandamurlanka,Andhra Pradesh,16.517000,81.988000
1356134351,Bandlaguda,Andhra Pradesh,17.354300,78.385300
1356257354,Banganapalle,Andhra Pradesh,15.316700,78.233100
1356367642,Banswada,Andhra Pradesh,18.383300,77.883300
1356828422,Bapatla,Andhra Pradesh,15.904400,80.467500
1356822105,Bardipuram,Andhra Pradesh,18.643100,78.158400
1356852308,Battulapalle,Andhra Pradesh,14.516700,77.783300
1356232529,Bayaram,Andhra Pradesh,18.050600,80.737500
1356678763,Bayyanagudem,Andhra Pradesh,17.125000,81.362800
1356090254,Bayyavaram,Andhra Pradesh,17.663800,82.942000
1356016761,Belagal,Andhra Pradesh,15.818300,77.670200
1356972240,Belampalli,Andhra Pradesh,19.075600,79.488100
1356758094,Bellamkonda,Andhra Pradesh,16.492300,80.008900
1356052121,Bendapudi,Andhra Pradesh,17.267300,82.375800
1356573340,Betamcherla,Andhra Pradesh,15.466700,78.166700
1356456973,Bhadrachalam,Andhra Pradesh,17.668800,80.893600
1356798697,Bhainsa,Andhra Pradesh,19.100000,77.966700
1356399410,Bhanumukkala,Andhra Pradesh,15.311900,78.227700
1356737115,Bhatpalli,Andhra Pradesh,18.431400,79.860500
1356055862,Bhattiprolu,Andhra Pradesh,16.100000,80.780000
1356817825,Bhimadolu,Andhra Pradesh,16.814400,81.261700
1356195520,Bhimavaram,Andhra Pradesh,16.543000,81.523000
1356889289,Bhimunipatnam,Andhra Pradesh,17.884600,83.439300
1356681280,Bhogapuram,Andhra Pradesh,18.066700,83.500000
1356326602,Bhongir,Andhra Pradesh,17.510000,78.890000
1356383882,Bibipet,Andhra Pradesh,18.210100,78.522100
1356419572,Bichkunda,Andhra Pradesh,18.400000,77.716700
1356624036,Bikkavolu,Andhra Pradesh,16.962400,82.049000
1356034364,Biknur,Andhra Pradesh,18.215000,78.436700
1356125367,Billapadu,Andhra Pradesh,16.636400,80.966100
1356278004,Bimgal,Andhra Pradesh,18.700000,78.466700
1356820046,Bobbili,Andhra Pradesh,18.566700,83.366700
1356670589,Bodagudipadu,Andhra Pradesh,14.766900,79.979700
1356000066,Boddikurapadu,Andhra Pradesh,15.659100,79.750900
1356506985,Bodhan,Andhra Pradesh,18.670000,77.900000
1356074103,Bodupal,Andhra Pradesh,17.413900,78.578300
1356564798,Bomareddipalli,Andhra Pradesh,18.704400,79.156800
1356406639,Bommagondanahalli,Andhra Pradesh,13.898400,77.073300
1356484226,Bondada,Andhra Pradesh,16.529500,81.454900
1356917535,Borgampad,Andhra Pradesh,17.650000,80.866700
1356128302,Brahmanandapuram,Andhra Pradesh,16.958300,82.005600
1356799521,Buchireddipalem,Andhra Pradesh,14.538000,79.875000
1356445403,Buddayyakota,Andhra Pradesh,13.659300,78.263200
1356792053,Budili,Andhra Pradesh,13.935300,77.735500
1356687033,Bugganipalle,Andhra Pradesh,15.474100,78.175000
1356673632,Bukkapatnam,Andhra Pradesh,14.199700,77.801200
1356973726,Bukkarayasamudram,Andhra Pradesh,14.694400,77.638100
1356470319,Buttayagudem,Andhra Pradesh,17.208900,81.301400
1356051593,Chada,Andhra Pradesh,17.499200,79.075600
1356030918,Chagalamarri,Andhra Pradesh,14.966700,78.583300
1356269485,Chagallu,Andhra Pradesh,16.983300,81.666700
1356549672,Chakicherla,Andhra Pradesh,15.112700,80.036600
1356541236,Challapalle,Andhra Pradesh,16.117500,80.931400
1356227278,Chamarru,Andhra Pradesh,16.650000,80.133300
1356092797,Chandragiri,Andhra Pradesh,13.583300,79.316700
1356193821,Chandralapadu,Andhra Pradesh,16.715000,80.208900
1356362084,Chandreru,Andhra Pradesh,16.820000,81.990000
1356371611,Chandur,Andhra Pradesh,16.980000,79.060000
1356115239,Channubanda,Andhra Pradesh,17.033100,80.805600
1356147402,Chapalamadugu,Andhra Pradesh,16.073000,79.377500
1356583629,Charakunda,Andhra Pradesh,16.691600,78.705400
1356795326,Chautapal,Andhra Pradesh,17.250800,78.897200
1356037410,Chebrolu,Andhra Pradesh,16.820600,81.404800
1356982116,Chegur,Andhra Pradesh,17.175800,78.229800
1356510607,Chegurumomadi,Andhra Pradesh,18.236100,79.197400
1356096953,Chennur,Andhra Pradesh,14.566700,78.800000
1356579296,Cherial,Andhra Pradesh,17.926400,78.971900
1356141471,Chicacole,Andhra Pradesh,18.300000,83.900000
1356135021,Chikkala,Andhra Pradesh,16.969800,81.592200
1356065865,Chilakalurupet,Andhra Pradesh,16.089200,80.167200
1356493610,Chilamatturu,Andhra Pradesh,13.839400,77.703900
1356142066,Chilkuru,Andhra Pradesh,16.961100,79.912500
1356017885,Chilpur,Andhra Pradesh,18.238800,79.452900
1356627585,Chimakurti,Andhra Pradesh,15.581900,79.868000
1356424340,Chimalapadu,Andhra Pradesh,16.890200,80.650500
1356908442,Chinna Annaluru,Andhra Pradesh,14.891300,79.676100
1356286805,Chinna Ganjam,Andhra Pradesh,15.693000,80.240500
1356089174,Chinna Gollapalem,Andhra Pradesh,16.370100,81.532200
1356152615,Chinna Mupparam,Andhra Pradesh,17.631900,79.841100
1356329396,Chinna Mushidivada,Andhra Pradesh,17.805700,83.203300
1356523957,Chinna Orampadu,Andhra Pradesh,14.061300,79.267100
1356975526,Chinnachauku,Andhra Pradesh,14.473200,78.845100
1356327094,Chinnamandem,Andhra Pradesh,13.941900,78.681400
1356490281,Chinnayagudem,Andhra Pradesh,17.047000,81.481000
1356452525,Chintakommadinne,Andhra Pradesh,14.426700,78.761800
1356352209,Chintakunta,Andhra Pradesh,14.646600,78.469600
1356061024,Chintalapudi,Andhra Pradesh,17.066700,80.983300
1356351597,Chintapalle,Andhra Pradesh,17.866700,82.350000
1356643864,Chipurupalle,Andhra Pradesh,18.311400,83.568300
1356100300,Chirala,Andhra Pradesh,15.824600,80.352100
1356022916,Chitrada,Andhra Pradesh,17.080200,82.246900
1356026391,Chittoor,Andhra Pradesh,13.216000,79.098000
1356145461,Chitvel,Andhra Pradesh,14.166700,79.333300
1356091931,Chityal,Andhra Pradesh,17.233300,79.133300
1356853746,Chodavaram,Andhra Pradesh,17.833300,82.950000
1356589291,Chopadandi,Andhra Pradesh,18.583300,79.166700
1356152808,Coringa,Andhra Pradesh,16.800000,82.233300
1356360140,Cuddapah,Andhra Pradesh,14.470000,78.820000
1356391649,Cumbum,Andhra Pradesh,15.576700,79.105500
1356157736,Dachepalle,Andhra Pradesh,16.600000,79.733300
1356187711,Damalcheruvu,Andhra Pradesh,13.483300,79.050000
1356000300,Damarcherla,Andhra Pradesh,16.726900,79.636900
1356865520,Damargidda,Andhra Pradesh,16.818900,77.503100
1356795204,Dammapeta,Andhra Pradesh,17.266700,81.016700
1356047567,Dammennu,Andhra Pradesh,17.030800,81.686100
1356113162,Darsi,Andhra Pradesh,15.766700,79.683300
1356628600,Dasnapur,Andhra Pradesh,19.653600,78.511400
1356080715,Davuluru,Andhra Pradesh,16.262500,80.743600
1356619160,Denduluru,Andhra Pradesh,16.760600,81.164200
1356362163,Devanakonda,Andhra Pradesh,15.533300,77.550000
1356346019,Devapur,Andhra Pradesh,19.044300,79.349900
1356067935,Devarapalle,Andhra Pradesh,17.034700,81.561600
1356060197,Devarkonda,Andhra Pradesh,16.691900,78.920700
1356703437,Dhanwada,Andhra Pradesh,16.650000,77.666700
1356763327,Dharmajigudem,Andhra Pradesh,16.900000,81.000000
1356922969,Dharmapuri,Andhra Pradesh,18.947500,79.094000
1356091555,Dharmaram,Andhra Pradesh,18.303800,79.489200
1356379504,Dharmasagaram,Andhra Pradesh,17.993300,79.442800
1356879569,Dharmavaram,Andhra Pradesh,14.430000,77.720000
1356278031,Dhobipet,Andhra Pradesh,17.471600,78.087000
1356669210,Dhone,Andhra Pradesh,15.396000,77.872000
1356799167,Dilawarpur,Andhra Pradesh,19.090800,78.227500
1356550619,Dirusumarru,Andhra Pradesh,16.472200,81.529500
1356959809,Doddipatla,Andhra Pradesh,16.516700,81.843600
1356677299,Domkonda,Andhra Pradesh,18.253600,78.437800
1356352522,Doranala,Andhra Pradesh,15.907600,79.094100
1356805121,Dornakal,Andhra Pradesh,17.444700,80.149200
1356803824,Dowlaiswaram,Andhra Pradesh,16.950600,81.781900
1356061765,Draksharama,Andhra Pradesh,16.792800,82.063500
1356077652,Dubacherla,Andhra Pradesh,16.911600,81.356900
1356243033,Dubak,Andhra Pradesh,18.191400,78.678300
1356373497,Duggirala,Andhra Pradesh,16.328100,80.624300
1356684448,Dundigal,Andhra Pradesh,17.578100,78.428800
1356099514,Durgi,Andhra Pradesh,16.424200,79.492800
1356026765,Durpalli,Andhra Pradesh,18.596700,78.451700
1356394587,Duvva,Andhra Pradesh,16.779200,81.624200
1356883583,Duvvuru,Andhra Pradesh,14.833300,78.650000
1356593881,Edlapadu,Andhra Pradesh,16.168600,80.227500
1356488805,Elchuru,Andhra Pradesh,16.081300,79.926900
1356080600,Elesvaram,Andhra Pradesh,17.283300,82.100000
1356131239,Ellamanda,Andhra Pradesh,16.184700,80.054600
1356931882,Ellore,Andhra Pradesh,16.711700,81.103100
1356364562,Elurupadu,Andhra Pradesh,16.516700,81.350000
1356089591,Emmiganur,Andhra Pradesh,15.733300,77.483300
1356945614,Enamadala,Andhra Pradesh,16.228100,80.330600
1356156404,Enumulapalle,Andhra Pradesh,14.144600,77.816600
1356062617,Ernagudem,Andhra Pradesh,17.002000,81.506300
1356007553,Erraballa,Andhra Pradesh,14.397100,78.174400
1356579088,Erragondapalem,Andhra Pradesh,16.039700,79.304300
1356180347,Erraguntla,Andhra Pradesh,14.633300,78.533300
1356051675,Erraguntlakota,Andhra Pradesh,13.962200,79.276800
1356358551,Erravaram,Andhra Pradesh,17.545800,82.843300
1356373389,Farrukhnagar,Andhra Pradesh,17.077800,78.201100
1356055274,Gadda Madiral,Andhra Pradesh,18.751900,79.513300
1356741221,Gadwal,Andhra Pradesh,16.230000,77.800000
1356985510,Gajwel,Andhra Pradesh,17.851700,78.682800
1356039134,Galivedu,Andhra Pradesh,14.033300,78.500000
1356029973,Ganapavaram,Andhra Pradesh,16.123300,80.172100
1356054707,Ganaram,Andhra Pradesh,18.527500,78.245000
1356140911,Gandhari,Andhra Pradesh,18.393200,78.117400
1356404723,Gandikunta,Andhra Pradesh,16.169900,80.944300
1356354351,Gandlapenta,Andhra Pradesh,14.050000,78.308900
1356944244,Gangadhar,Andhra Pradesh,18.588300,79.011000
1356582081,Gangammapeta,Andhra Pradesh,18.333000,84.050000
1356991878,Gangapatnam,Andhra Pradesh,14.523700,80.152100
1356095742,Ganguru,Andhra Pradesh,16.483300,80.733300
1356037826,Gannavaram,Andhra Pradesh,16.533300,80.800000
1356629147,Garsekurti,Andhra Pradesh,18.508300,78.977400
1356521862,Gatada,Andhra Pradesh,18.284400,83.540600
1356605250,Gaunivaripalle,Andhra Pradesh,13.975600,77.876800
1356149556,Gavinivaripalem,Andhra Pradesh,15.837800,80.431500
1356859017,Gazulapalle,Andhra Pradesh,15.403600,78.617600
1356200566,Ghambiraopet,Andhra Pradesh,18.300000,78.583300
1356275268,Ghanpur,Andhra Pradesh,17.498900,78.222500
1356365517,Ghatkesar,Andhra Pradesh,17.449400,78.685300
1356122664,Ghattu,Andhra Pradesh,13.660200,78.333100
1356584169,Ghattupal,Andhra Pradesh,17.072500,78.923900
1356420019,Giddalur,Andhra Pradesh,15.378400,78.926500
1356790353,Gokavaram,Andhra Pradesh,17.266700,81.850000
1356874906,Gokinepalle,Andhra Pradesh,16.922800,79.782800
1356196346,Golet,Andhra Pradesh,19.239000,79.389100
1356024704,Gollalagunta,Andhra Pradesh,17.167200,82.284700
1356285137,Gollapudi,Andhra Pradesh,16.541200,80.578400
1356653197,Gondalga,Andhra Pradesh,17.509700,80.159400
1356039774,Gonegandla,Andhra Pradesh,15.717000,77.600000
1356133077,Gooty,Andhra Pradesh,15.121000,77.634000
1356393154,Gopalapuram,Andhra Pradesh,17.100700,81.540600
1356037338,Gopavaram,Andhra Pradesh,14.784100,78.572900
1356060409,Gorantla,Andhra Pradesh,13.989200,77.770300
1356092784,Govindapalle,Andhra Pradesh,15.352500,78.522400
1356253682,Govindapuram,Andhra Pradesh,16.154800,80.102700
1356759026,Gudibanda,Andhra Pradesh,13.975300,77.104600
1356038669,Gudikallu,Andhra Pradesh,15.744100,77.476000
1356158755,Gudimulakhandrika,Andhra Pradesh,16.409000,81.803000
1356150052,Gudipallipadu,Andhra Pradesh,14.458800,80.048200
1356068699,Gudivada,Andhra Pradesh,16.430000,80.990000
1356111288,Gudlavalleru,Andhra Pradesh,16.350000,81.050000
1356940042,Gudluru,Andhra Pradesh,15.072900,79.901200
1356336545,Gudur,Andhra Pradesh,14.147300,79.847700
1356895039,Guduru,Andhra Pradesh,15.774800,77.807400
1356714085,Gulyam,Andhra Pradesh,15.359800,77.067000
1356669358,Gundi,Andhra Pradesh,18.623700,79.092300
1356048740,Gundlapelle,Andhra Pradesh,16.410200,79.881300
1356127506,Gundrajukuppam,Andhra Pradesh,13.340600,79.568700
1356974157,Gundugolanu,Andhra Pradesh,16.783300,81.233300
1356416314,Gundumal,Andhra Pradesh,16.893900,77.711200
1356600224,Gunjapalle,Andhra Pradesh,14.384500,77.949500
1356140724,Guntakal,Andhra Pradesh,15.170000,77.380000
1356011161,Guntakal Junction,Andhra Pradesh,15.120000,77.630000
1356594674,Guntapalli,Andhra Pradesh,14.738500,79.040000
1356737697,Guntupalle,Andhra Pradesh,16.568100,80.547500
1356374905,Guntur,Andhra Pradesh,16.300800,80.442800
1356284759,Gurramkonda,Andhra Pradesh,13.783300,78.583300
1356810152,Gurrampod,Andhra Pradesh,16.866700,79.116700
1356361552,Guruzala,Andhra Pradesh,16.580000,79.570000
1356145475,Guttikonda,Andhra Pradesh,16.430000,79.834000
1356376565,Hamsavaram,Andhra Pradesh,17.293800,82.494200
1356821355,Hasanparti,Andhra Pradesh,18.068100,79.523600
1356543424,Hemavati,Andhra Pradesh,14.023200,76.995000
1356805611,Hindupur,Andhra Pradesh,13.830000,77.490000
1356683859,Hiramandalam,Andhra Pradesh,18.670800,83.950500
1356305689,Hirehaluhosahalli,Andhra Pradesh,15.010500,76.836000
1356635083,Hissaramuruvani,Andhra Pradesh,15.771000,77.419400
1356510446,Holalagondi,Andhra Pradesh,15.487300,77.046400
1356601160,Honwada,Andhra Pradesh,16.811100,77.919900
1356348864,Hosuru,Andhra Pradesh,15.379700,77.459800
1356546891,Husnabad,Andhra Pradesh,17.066700,77.650000
1356139547,Huzurabad,Andhra Pradesh,18.200000,79.420000
1356954462,Huzurnagar,Andhra Pradesh,16.900000,79.883300
1356313323,Ibrahimpatan,Andhra Pradesh,17.101700,78.629400
1356450270,Ibrahimpatnam,Andhra Pradesh,16.605600,80.378600
1356662616,Ichchapuram,Andhra Pradesh,19.120000,84.700000
1356489123,Ichora,Andhra Pradesh,19.433300,78.466700
1356920399,Idupugallu,Andhra Pradesh,16.460900,80.754300
1356911251,Imani,Andhra Pradesh,16.330200,80.658000
1356876515,Indalvai,Andhra Pradesh,18.540300,78.224800
1356073625,Indurti,Andhra Pradesh,18.223300,79.135500
1356195310,Ingurti,Andhra Pradesh,17.669500,79.800300
1356980783,Inkollu,Andhra Pradesh,15.830000,80.200000
1356119522,Inole,Andhra Pradesh,17.868200,79.554500
1356151123,Ippagudem,Andhra Pradesh,17.766800,79.375100
1356927056,Iskapalem,Andhra Pradesh,14.541600,79.892500
1356031605,Iskapalli,Andhra Pradesh,14.736300,80.098100
1356470546,Isnapuram,Andhra Pradesh,17.544300,78.348600
1356306377,Itamukkala,Andhra Pradesh,15.373100,80.113000
1356091263,Itikalapalle,Andhra Pradesh,14.601300,77.658200
1356617908,Ittikelakunta,Andhra Pradesh,16.679700,81.709400
1356187321,Jadcherla,Andhra Pradesh,16.766700,78.150000
1356578072,Jaggampeta,Andhra Pradesh,17.183300,82.050000
1356537421,Jaggayyapeta,Andhra Pradesh,16.892000,80.097600
1356368347,Jaggisettigudem,Andhra Pradesh,17.116700,81.300000
1356464422,Jajireddigudem,Andhra Pradesh,17.327800,79.571100
1356094746,Jaladurgam,Andhra Pradesh,15.284000,77.900100
1356039997,Jami,Andhra Pradesh,18.045800,83.266400
1356570935,Jamikunta,Andhra Pradesh,18.286400,79.476100
1356030028,Jammalamadugu,Andhra Pradesh,14.850000,78.380000
1356032942,Janakammapeta,Andhra Pradesh,14.884000,79.911000
1356780398,Janapadu,Andhra Pradesh,16.461700,79.869900
1356096265,Jangalapalle,Andhra Pradesh,14.884400,79.910700
1356005015,Jangamguda,Andhra Pradesh,17.509200,78.554200
1356403400,Jangaon,Andhra Pradesh,17.722700,79.151800
1356065255,Jangid,Andhra Pradesh,18.447500,79.841400
1356799113,Jankampet,Andhra Pradesh,18.706700,78.023300
1356104777,Jidigunta,Andhra Pradesh,16.909800,81.855300
1356361410,Jiyyammavalasa,Andhra Pradesh,18.790000,83.601000
1356188487,Jogipet,Andhra Pradesh,17.835600,78.068100
1356935484,Jonnagiri,Andhra Pradesh,15.230300,77.571400
1356086007,Kachavaram,Andhra Pradesh,16.570000,79.675000
1356024464,Kadimetla,Andhra Pradesh,15.737600,77.538500
1356308559,Kadiri,Andhra Pradesh,14.120000,78.170000
1356333354,Kadiyadda,Andhra Pradesh,16.877400,81.514900
1356803625,Kadiyam,Andhra Pradesh,16.916700,81.833300
1356743819,Kaikalur,Andhra Pradesh,16.566700,81.200000
1356164040,Kaikaram,Andhra Pradesh,16.812000,81.366000
1356573609,Kakinada,Andhra Pradesh,16.966100,82.255000
1356669495,Kakkalapalle,Andhra Pradesh,14.641500,77.566800
1356112947,Kalakada,Andhra Pradesh,13.816700,78.800000
1356638870,Kalavapudi,Andhra Pradesh,16.462300,81.388700
1356149475,Kalicherla,Andhra Pradesh,13.883300,78.533300
1356592994,Kalikiri,Andhra Pradesh,13.633300,78.800000
1356970385,Kalipatnam,Andhra Pradesh,16.390400,81.529500
1356501492,Kallur,Andhra Pradesh,17.200000,80.550000
1356411831,Kalluru,Andhra Pradesh,15.816200,78.028900
1356719331,Kaluvaya,Andhra Pradesh,14.511700,79.410100
1356100988,Kalwakurti,Andhra Pradesh,16.650000,78.480000
1356922416,Kalyandrug,Andhra Pradesh,14.550000,77.100000
1356435309,Kamalapuram,Andhra Pradesh,14.598300,78.669400
1356269111,Kamanpur,Andhra Pradesh,18.666700,79.500000
1356010343,Kamareddipet,Andhra Pradesh,18.320500,78.337000
1356057733,Kamavarapukota,Andhra Pradesh,17.003300,81.195300
1356132175,Kambaduru,Andhra Pradesh,14.357500,77.218600
1356648635,Kambhampadu,Andhra Pradesh,16.982200,80.656700
1356603499,Kamepalle,Andhra Pradesh,16.519100,79.835000
1356156655,Kanchanpalli,Andhra Pradesh,17.742700,79.312800
1356407030,Kanchika,Andhra Pradesh,16.412500,80.232300
1356652397,Kandanati,Andhra Pradesh,15.699700,77.475700
1356179414,Kandukur,Andhra Pradesh,15.216700,79.904200
1356995894,Kandulapuram,Andhra Pradesh,15.597600,79.136500
1356028771,Kanekallu,Andhra Pradesh,14.886400,77.031700
1356020350,Kanigiri,Andhra Pradesh,15.400000,79.516700
1356869127,Kankanalapalle,Andhra Pradesh,15.992300,79.484800
1356836923,Kankipadu,Andhra Pradesh,16.450000,80.783300
1356661175,Kannal,Andhra Pradesh,18.693800,79.428800
1356720379,Kanteru,Andhra Pradesh,16.390600,80.542500
1356304297,Kapra,Andhra Pradesh,17.485900,78.565100
1356913774,Karanchedu,Andhra Pradesh,15.882300,80.317000
1356640136,Karankot,Andhra Pradesh,17.286600,77.564400
1356018044,Karapa,Andhra Pradesh,16.900000,82.166700
1356898210,Karedu,Andhra Pradesh,15.183300,80.066700
1356058281,Karempudi,Andhra Pradesh,16.433300,79.716700
1356578937,Karimnagar,Andhra Pradesh,18.438600,79.128800
1356463901,Karlapalem,Andhra Pradesh,15.933300,80.550000
1356243834,Karvetnagar,Andhra Pradesh,13.416700,79.450000
1356731748,Kasimkota,Andhra Pradesh,17.673600,82.963400
1356570574,Kathevaram,Andhra Pradesh,16.260800,80.636800
1356074807,Katravulapalle,Andhra Pradesh,17.127700,82.083100
1356540764,Kattamuru,Andhra Pradesh,17.080000,82.130000
1356548910,Katteragandla,Andhra Pradesh,15.009100,78.958400
1356069667,Kattipudi,Andhra Pradesh,17.250000,82.333300
1356642546,Kautalam,Andhra Pradesh,15.771000,77.124000
1356816305,Kavali,Andhra Pradesh,14.913000,79.992900
1356984645,Kaviti,Andhra Pradesh,19.016700,84.683300
1356130169,Kaza,Andhra Pradesh,16.388700,80.541200
1356260742,Kesamudram,Andhra Pradesh,17.687500,79.894400
1356007170,Khammam,Andhra Pradesh,17.247300,80.151400
1356522803,Khanapur,Andhra Pradesh,19.033300,78.666700
1356812667,Kirikera,Andhra Pradesh,13.769000,77.484100
1356313374,Kirlampudi,Andhra Pradesh,17.191900,82.182500
1356998500,Kisara,Andhra Pradesh,17.523300,78.667700
1356852582,Kodad,Andhra Pradesh,16.997800,79.965300
1356660322,Kodavatipudi,Andhra Pradesh,17.488700,82.604600
1356090415,Kodigenahalli,Andhra Pradesh,13.860800,77.479200
1356078012,Kodmial,Andhra Pradesh,18.633300,78.900000
1356171101,Kodumur,Andhra Pradesh,15.683300,77.783300
1356970656,Koduru,Andhra Pradesh,13.869200,77.729800
1356187490,Koheda,Andhra Pradesh,18.170900,79.093400
1356364942,Kohir,Andhra Pradesh,17.600000,77.716700
1356024299,Koilkuntla,Andhra Pradesh,15.233300,78.316700
1356745224,Kolakaluru,Andhra Pradesh,16.303600,80.617200
1356542725,Kolanpak,Andhra Pradesh,17.694200,79.034800
1356220875,Kolattur,Andhra Pradesh,13.329500,79.479700
1356510810,Kollipara,Andhra Pradesh,16.287700,80.751900
1356157661,Kolluru,Andhra Pradesh,16.183300,80.800000
1356969014,Kolnur,Andhra Pradesh,18.509500,79.426000
1356220684,Kolumalapalle,Andhra Pradesh,15.477400,78.129300
1356768871,Komarolu,Andhra Pradesh,15.266700,79.000000
1356214076,Kommuru,Andhra Pradesh,16.066700,80.366700
1356654785,Kompalle,Andhra Pradesh,17.499300,78.458300
1356280772,Konakondla,Andhra Pradesh,15.105300,77.364000
1356757655,Kondakindi Agraharam,Andhra Pradesh,14.679000,77.740100
1356709178,Kondakomarla,Andhra Pradesh,14.067800,77.956100
1356354397,Kondapalle,Andhra Pradesh,16.616700,80.533300
1356766779,Kondaparti,Andhra Pradesh,17.921900,79.537300
1356149548,Kondrukota,Andhra Pradesh,17.171700,81.831700
1356404958,Konduru,Andhra Pradesh,16.678000,80.573000
1356752751,Konidena,Andhra Pradesh,16.015600,80.057000
1356227566,Konkavaripalle,Andhra Pradesh,13.712500,78.486100
1356362428,Koppaka,Andhra Pradesh,16.749400,81.031100
1356666939,Kopparam,Andhra Pradesh,16.084100,79.987400
1356572353,Koppunur,Andhra Pradesh,16.486700,79.331800
1356182344,Korangal,Andhra Pradesh,17.107000,77.627000
1356581279,Koratla,Andhra Pradesh,18.821500,78.711900
1356305623,Kornepadu,Andhra Pradesh,16.244400,80.385700
1356108143,Korosavada,Andhra Pradesh,18.725600,84.057300
1356669733,Kosgi,Andhra Pradesh,16.983900,77.719300
1356175415,Kosigi,Andhra Pradesh,15.854200,77.243000
1356180779,Kota,Andhra Pradesh,14.033300,80.050000
1356990932,Kotabommali,Andhra Pradesh,18.533300,84.166700
1356072917,Kotgir,Andhra Pradesh,18.572200,77.824300
1356734110,Kothanuru,Andhra Pradesh,16.002200,81.041700
1356072921,Kothapet,Andhra Pradesh,19.333300,79.483300
1356539189,Kotta Kalidindi,Andhra Pradesh,16.503200,81.287700
1356316170,Kottacheruvu,Andhra Pradesh,14.188600,77.765800
1356834952,Kottadindulu,Andhra Pradesh,16.483000,81.833000
1356124457,Kottagudem,Andhra Pradesh,17.550000,80.630000
1356420637,Kottakota,Andhra Pradesh,13.657300,78.262500
1356172054,Kottapalem,Andhra Pradesh,16.578700,79.875600
1356439882,Kottapalle,Andhra Pradesh,17.291800,81.893900
1356033971,Kottapeta,Andhra Pradesh,16.716700,81.900000
1356779786,Kottavalasa,Andhra Pradesh,17.900000,83.200000
1356490582,Kotturu,Andhra Pradesh,17.295800,82.475200
1356206598,Kotur,Andhra Pradesh,17.144700,78.288600
1356586750,Kovur,Andhra Pradesh,14.483300,79.983300
1356595540,Kovurupalli,Andhra Pradesh,14.777200,79.999900
1356481075,Kovvali,Andhra Pradesh,16.733300,81.166700
1356652394,Kovvur,Andhra Pradesh,17.017000,81.731000
1356808069,Krishnamsettipalle,Andhra Pradesh,15.369500,78.884000
1356828489,Krosuru,Andhra Pradesh,16.550000,80.133300
1356122957,Kubadupuram,Andhra Pradesh,16.468000,79.953900
1356553747,Kukatpalli,Andhra Pradesh,17.484900,78.413800
1356135822,Kummarapurugupalem,Andhra Pradesh,16.365300,81.619200
1356209008,Kundurpi,Andhra Pradesh,14.283300,77.033300
1356256201,Kunkalagunta,Andhra Pradesh,16.296900,79.886600
1356676774,Kuppam,Andhra Pradesh,12.745000,78.344000
1356135614,Kurabalakota,Andhra Pradesh,13.650000,78.483300
1356156113,Kurichedu,Andhra Pradesh,15.902600,79.577300
1356058372,Kurnool,Andhra Pradesh,15.830000,78.050000
1356597619,Kushmanchi,Andhra Pradesh,17.226300,79.966800
1356063145,Lakhanapuram,Andhra Pradesh,18.750400,83.553400
1356094959,Lakhsetipet,Andhra Pradesh,18.887300,79.206900
1356073499,Lakkavaram,Andhra Pradesh,17.062800,81.291900
1356608796,Lakkireddipalle,Andhra Pradesh,14.166700,78.700000
1356884524,Lakshmaneswaram,Andhra Pradesh,16.408200,81.686700
1356664957,Lepakshi,Andhra Pradesh,13.803200,77.609700
1356015110,Lingal,Andhra Pradesh,16.283300,78.516700
1356038214,Lingampalli,Andhra Pradesh,17.486500,78.317000
1356156344,Lingamparti,Andhra Pradesh,17.282700,82.123100
1356911464,Lingampet,Andhra Pradesh,18.238300,78.130300
1356497118,Linganaboyinacherla,Andhra Pradesh,16.396100,81.659800
1356348515,Macherla,Andhra Pradesh,16.480000,79.430000
1356067784,Machilipatnam,Andhra Pradesh,16.170000,81.130000
1356847382,Madakalavaripalli,Andhra Pradesh,14.747500,79.084300
1356646201,Madakasira,Andhra Pradesh,13.936900,77.269400
1356232508,Madanapalle,Andhra Pradesh,13.550000,78.500000
1356050790,Madaram,Andhra Pradesh,19.165300,79.409700
1356488197,Maddikera,Andhra Pradesh,15.250000,77.417000
1356331878,Maddur,Andhra Pradesh,16.866700,77.616700
1356100884,Madhavaram,Andhra Pradesh,16.890000,81.593700
1356389157,Madira,Andhra Pradesh,16.916700,80.366700
1356028856,Madnur,Andhra Pradesh,18.500000,77.633300
1356549390,Madugula,Andhra Pradesh,17.916700,82.800000
1356897345,Maduru,Andhra Pradesh,14.700000,78.780000
1356631182,Mahadeopur,Andhra Pradesh,18.731600,79.983700
1356014527,Mahbubabad,Andhra Pradesh,17.597300,80.002100
1356014528,Mahbubnagar,Andhra Pradesh,16.748800,78.003500
1356149702,Mailavaram,Andhra Pradesh,16.783300,80.633300
1356959971,Maisaram,Andhra Pradesh,17.132900,78.436700
1356006714,Makhtal,Andhra Pradesh,16.501200,77.515600
1356032853,Malaimarpuram,Andhra Pradesh,14.209600,79.307200
1356804328,Malial,Andhra Pradesh,18.700000,78.966700
1356092535,Malkajgiri,Andhra Pradesh,17.451900,78.536200
1356942120,Malkanur,Andhra Pradesh,18.082100,79.362800
1356385749,Mallampalli,Andhra Pradesh,18.110500,79.849400
1356328309,Mallaram,Andhra Pradesh,18.754000,78.112000
1356391664,Mamidalapadu,Andhra Pradesh,15.831000,78.050000
1356380363,Mamidipalli,Andhra Pradesh,17.251600,78.452100
1356119519,Mamnur,Andhra Pradesh,17.909200,79.592600
1356353668,Manakondur,Andhra Pradesh,18.398100,79.225000
1356990383,Mancheral,Andhra Pradesh,18.867900,79.463900
1356566230,Mandalapalle,Andhra Pradesh,14.020900,77.751100
1356193430,Mandamari,Andhra Pradesh,18.982200,79.481100
1356648879,Mandapeta,Andhra Pradesh,16.870000,81.930000
1356702904,Mandasa,Andhra Pradesh,19.060000,84.580000
1356861607,Mangalagiri,Andhra Pradesh,16.430000,80.550000
1356401073,Mangalapur,Andhra Pradesh,13.624500,79.580300
1356658499,Mangapet,Andhra Pradesh,18.250000,80.520000
1356354507,Mangasamudram,Andhra Pradesh,13.229100,79.090900
1356904043,Mangur,Andhra Pradesh,17.937300,80.818500
1356750787,Mankal,Andhra Pradesh,17.201400,78.467800
1356933226,Mannegudam,Andhra Pradesh,17.460100,79.917700
1356670969,Mansala,Andhra Pradesh,15.941700,77.428100
1356453110,Manthani,Andhra Pradesh,18.650000,79.666700
1356151260,Manubolu,Andhra Pradesh,14.183300,79.883300
1356109973,Marikal,Andhra Pradesh,16.602000,77.729400
1356873992,Maripad,Andhra Pradesh,17.403100,79.856700
1356101278,Markapur,Andhra Pradesh,15.730000,79.280000
1356470150,Marpalli,Andhra Pradesh,17.538900,77.770800
1356691135,Marreddipalli,Andhra Pradesh,17.798900,78.805000
1356126599,Maruteru,Andhra Pradesh,16.623700,81.739400
1356098911,Maruturu,Andhra Pradesh,15.986200,80.105100
1356409760,Matsavaram,Andhra Pradesh,16.527000,79.892000
1356054282,Medak,Andhra Pradesh,18.046000,78.263000
1356630785,Medapadu,Andhra Pradesh,17.004400,82.100100
1356009043,Medchal,Andhra Pradesh,17.629700,78.481400
1356989042,Medikunda,Andhra Pradesh,15.958100,77.609500
1356348734,Melavayi,Andhra Pradesh,13.939700,77.225600
1356016977,Mellacheruvu,Andhra Pradesh,16.817300,79.933100
1356583037,Metpalli,Andhra Pradesh,18.849200,78.626100
1356686488,Miduturu,Andhra Pradesh,15.766700,78.300000
1356309439,Mirdoddi,Andhra Pradesh,18.078600,78.677000
1356570698,Mirialguda,Andhra Pradesh,16.866700,79.583300
1356216861,Mirpeta,Andhra Pradesh,17.320000,78.520000
1356371147,Miryal,Andhra Pradesh,17.566100,78.809500
1356140958,Moda,Andhra Pradesh,13.824600,77.442100
1356138893,Mogalturru,Andhra Pradesh,16.416700,81.600000
1356061605,Molagavalli,Andhra Pradesh,15.356700,77.330100
1356411596,Momanpet,Andhra Pradesh,17.517500,77.898100
1356027669,Mortad,Andhra Pradesh,18.816700,78.483300
1356089324,Morubagalu,Andhra Pradesh,13.970200,77.041100
1356348952,Mosrah,Andhra Pradesh,18.615500,77.971800
1356353860,Motkur,Andhra Pradesh,17.450000,79.266700
1356236109,Muddada,Andhra Pradesh,18.238500,83.868700
1356315811,Muddanuru,Andhra Pradesh,14.666700,78.400000
1356741326,Mudhol,Andhra Pradesh,18.966700,77.916700
1356222425,Mugdampalli,Andhra Pradesh,17.616700,77.497400
1356713109,Muhammadabad,Andhra Pradesh,16.873100,77.890900
1356795956,Mulakaledu,Andhra Pradesh,14.364800,76.926700
1356896759,Mulakaluru,Andhra Pradesh,16.277600,80.067200
1356137687,Mulug,Andhra Pradesh,18.191000,79.943000
1356969235,Mummidivaram,Andhra Pradesh,16.650000,82.116700
1356708472,Munagala,Andhra Pradesh,17.050000,79.833300
1356402432,Munagapaka,Andhra Pradesh,17.639000,82.992000
1356844377,Mungod,Andhra Pradesh,17.066700,79.066700
1356602386,Munnelli,Andhra Pradesh,14.920000,78.954600
1356804176,Muppalla,Andhra Pradesh,16.319800,80.092700
1356220082,Murapaka,Andhra Pradesh,18.228200,83.792600
1356038570,Murukondapadu,Andhra Pradesh,15.917400,80.413100
1356783833,Mustafabad,Andhra Pradesh,18.278700,78.710800
1356716108,Mutluru,Andhra Pradesh,16.150000,80.483300
1356004216,Muttukuru,Andhra Pradesh,14.266700,80.100000
1356425661,Mutukuru,Andhra Pradesh,16.382900,79.466400
1356287898,Mutyalapalle,Andhra Pradesh,16.401900,81.570300
1356006446,Nadendla,Andhra Pradesh,16.218600,80.197200
1356330016,Nadikude,Andhra Pradesh,16.594100,79.716700
1356512446,Nadimpalem,Andhra Pradesh,16.212300,80.309700
1356186749,Nadugadda,Andhra Pradesh,16.353900,79.438000
1356970012,Nagalapuram,Andhra Pradesh,13.388900,79.796700
1356817715,Nagambhotlapalem,Andhra Pradesh,15.680400,79.815100
1356993418,Nagari,Andhra Pradesh,13.321400,79.585600
1356469097,Nagasamudram,Andhra Pradesh,15.055600,77.500400
1356076830,Nagawaram,Andhra Pradesh,17.487500,78.603500
1356059233,Nagayalanka,Andhra Pradesh,15.950000,80.916700
1356595191,Nagireddipalli,Andhra Pradesh,14.270100,79.101300
1356015000,Nagulapadu,Andhra Pradesh,16.309000,80.371000
1356926722,Nakrekal,Andhra Pradesh,17.166700,79.433300
1356414359,Nalgonda,Andhra Pradesh,17.050000,79.270000
1356576230,Nallajerla,Andhra Pradesh,16.950000,81.400000
1356596502,Nallamada,Andhra Pradesh,14.216400,77.994400
1356005363,Nallamadu,Andhra Pradesh,16.880200,81.354900
1356010568,Nallikodur,Andhra Pradesh,17.581100,79.750000
1356314478,Namakadu,Andhra Pradesh,14.006000,80.119400
1356137044,Namburu,Andhra Pradesh,16.360000,80.520000
1356386651,Nandamuru,Andhra Pradesh,16.640000,81.980000
1356500526,Nandavaram,Andhra Pradesh,16.017000,77.531000
1356012566,Nandigama,Andhra Pradesh,16.783300,80.300000
1356973584,Nandigaon,Andhra Pradesh,17.119000,78.256400
1356046899,Nandikotkur,Andhra Pradesh,15.867000,78.267000
1356639188,Nandimandalam,Andhra Pradesh,14.405200,78.524600
1356396371,Nandipeta,Andhra Pradesh,18.962200,78.177200
1356671879,Nandyal,Andhra Pradesh,15.480000,78.480000
1356121850,Nandyalampeta,Andhra Pradesh,14.721800,78.808300
1356130701,Narapala,Andhra Pradesh,14.720600,77.810600
1356002369,Narapalli,Andhra Pradesh,17.487500,78.601200
1356526261,Narasannapeta,Andhra Pradesh,18.415100,84.044700
1356412895,Narasapur,Andhra Pradesh,16.436100,81.701600
1356951411,Narasapuram,Andhra Pradesh,17.101600,81.076500
1356923354,Narasaraopet,Andhra Pradesh,16.250000,80.070000
1356847725,Narayanavanam,Andhra Pradesh,13.420000,79.580000
1356845403,Narayankher,Andhra Pradesh,18.033300,77.783300
1356282239,Narayanpet,Andhra Pradesh,16.744500,77.496000
1356128419,Narayanraopet,Andhra Pradesh,18.211400,78.779400
1356046669,Narkatpalli,Andhra Pradesh,17.203000,79.195000
1356061754,Narmeta,Andhra Pradesh,17.886100,79.161100
1356029838,Narsampet,Andhra Pradesh,17.928500,79.892500
1356276951,Narsapur,Andhra Pradesh,17.737400,78.280500
1356043611,Narsimlapet,Andhra Pradesh,17.510000,79.804400
1356012877,Narsingi,Andhra Pradesh,17.387600,78.357000
1356577178,Narsipatnam,Andhra Pradesh,17.665000,82.614000
1356637430,Naspur,Andhra Pradesh,18.830000,79.450000
1356624612,Navipet,Andhra Pradesh,18.802200,77.983600
1356576109,Nayudupet,Andhra Pradesh,13.900000,79.900000
1356834789,Nekarikallu,Andhra Pradesh,16.383300,79.950000
1356634988,Nellimarla,Andhra Pradesh,18.166700,83.433300
1356878549,Nellipaka,Andhra Pradesh,17.767900,80.856700
1356280972,Nellore,Andhra Pradesh,14.450000,79.990000
1356421569,Nellutla,Andhra Pradesh,17.703400,79.195600
1356170706,Netapur Tanda,Andhra Pradesh,16.832100,79.435600
1356862958,Nidadavole,Andhra Pradesh,16.920000,81.670000
1356072847,Nimmekal,Andhra Pradesh,17.237200,79.663300
1356031223,Nirmal,Andhra Pradesh,19.100000,78.350000
1356242168,Nizamabad,Andhra Pradesh,18.672000,78.094000
1356034288,Nizampatam,Andhra Pradesh,15.900000,80.666700
1356110292,Nulivedu,Andhra Pradesh,14.100200,78.554800
1356312429,Nunna,Andhra Pradesh,16.578800,80.684100
1356150751,Nutakki,Andhra Pradesh,16.413900,80.650600
1356713948,Nuzvid,Andhra Pradesh,16.780000,80.850000
1356850356,Ommangi,Andhra Pradesh,17.259700,82.223600
1356385136,Ongole,Andhra Pradesh,15.506000,80.049000
1356781101,Oppicherla,Andhra Pradesh,16.444400,79.696700
1356075190,Owk,Andhra Pradesh,15.216700,78.116700
1356006022,Padakanti,Andhra Pradesh,18.694200,78.284200
1356468708,Padarti,Andhra Pradesh,15.469000,80.183000
1356497267,Padugupadu,Andhra Pradesh,14.488500,79.992300
1356120512,Pagidyala,Andhra Pradesh,15.933000,78.333000
1356135654,Paidiipalli,Andhra Pradesh,18.017200,79.615900
1356159620,Pakala,Andhra Pradesh,13.466700,79.116700
1356365783,Palakollu,Andhra Pradesh,16.516000,81.723000
1356333362,Palkonda,Andhra Pradesh,18.600000,83.750000
1356704289,Palkur,Andhra Pradesh,15.414400,78.250700
1356770479,Pallipattu,Andhra Pradesh,13.336100,79.441300
1356813856,Palmaner,Andhra Pradesh,13.200700,78.746800
1356171257,Paloncha,Andhra Pradesh,17.601800,80.705100
1356259461,Palukudoddi,Andhra Pradesh,15.861000,77.718000
1356135473,Pamarru,Andhra Pradesh,16.327000,80.961000
1356151467,Pamidi,Andhra Pradesh,14.950000,77.583300
1356991450,Pamuru,Andhra Pradesh,15.094400,79.413800
1356908004,Panasapadu,Andhra Pradesh,17.018500,82.234900
1356551071,Pandireddigudem,Andhra Pradesh,16.800000,81.316700
1356154152,Paniem,Andhra Pradesh,15.516700,78.350000
1356610077,Papampeta,Andhra Pradesh,14.685500,77.578000
1356031235,Paradarami,Andhra Pradesh,13.083300,78.983300
1356648968,Paragaticherla,Andhra Pradesh,16.332400,80.352800
1356382983,Paravada,Andhra Pradesh,17.628300,83.079300
1356530500,Pardiguda,Andhra Pradesh,17.397400,78.578300
1356287180,Pargi,Andhra Pradesh,17.175600,77.878100
1356618142,Parigi,Andhra Pradesh,13.892900,77.459800
1356403774,Parimpudi,Andhra Pradesh,17.117100,81.434200
1356956935,Parkal,Andhra Pradesh,18.200000,79.716700
1356064375,Partiala,Andhra Pradesh,16.453700,80.303900
1356304321,Paruchuru,Andhra Pradesh,15.966700,80.266700
1356961771,Parvatgiri,Andhra Pradesh,17.741700,79.726400
1356791674,Parvatipuram,Andhra Pradesh,18.780000,83.425000
1356370176,Pasivedalajimma,Andhra Pradesh,17.007200,81.829200
1356871455,Pata Ellamilli,Andhra Pradesh,16.847300,81.488400
1356028407,Pata Kalidindi,Andhra Pradesh,16.501400,81.290800
1356605136,Pata Putrela,Andhra Pradesh,17.017300,80.713700
1356122440,Pata Uppal,Andhra Pradesh,18.179900,79.476200
1356288383,Patakakani,Andhra Pradesh,16.342200,80.491100
1356686498,Patancheruvu,Andhra Pradesh,17.533300,78.264500
1356118629,Patapatnam,Andhra Pradesh,18.750000,84.083300
1356859765,Pattikonda,Andhra Pradesh,15.400000,77.516700
1356611577,Payakaraopeta,Andhra Pradesh,17.416100,82.614400
1356076940,Pebberu,Andhra Pradesh,16.216700,77.983300
1356417725,Pedana,Andhra Pradesh,16.266700,81.166700
1356846593,Pedavidu,Andhra Pradesh,16.855800,79.893700
1356861679,Pedda Adsarlapalli,Andhra Pradesh,16.708600,79.028600
1356183491,Pedda Kotayalanka,Andhra Pradesh,16.156700,80.831400
1356056457,Pedda Mupparam,Andhra Pradesh,17.479200,79.681700
1356560375,Pedda Nindrakolanu,Andhra Pradesh,16.734200,81.394100
1356952562,Pedda Pendyala,Andhra Pradesh,17.923000,79.408500
1356194038,Pedda Penki,Andhra Pradesh,18.585300,83.506900
1356351364,Pedda Vegi,Andhra Pradesh,16.809500,81.106800
1356392870,Peddaboddepalle,Andhra Pradesh,17.660600,82.629600
1356574972,Peddakurapadu,Andhra Pradesh,16.483300,80.266700
1356243327,Peddannavaripalle,Andhra Pradesh,14.253500,78.338400
1356520055,Peddapadu,Andhra Pradesh,16.640800,81.032200
1356337770,Peddapalle,Andhra Pradesh,14.404600,78.945600
1356814846,Peddapalli,Andhra Pradesh,18.616200,79.383200
1356924364,Peddapuram,Andhra Pradesh,17.080000,82.130000
1356150720,Peddavadlapudi,Andhra Pradesh,16.409800,80.611400
1356309393,Penaballi,Andhra Pradesh,17.210300,80.697800
1356199565,Penamaluru,Andhra Pradesh,16.468100,80.719400
1356373899,Pendekallu,Andhra Pradesh,15.375300,77.624200
1356081644,Pendurti,Andhra Pradesh,17.827800,83.202200
1356836151,Pentapadu Kasba,Andhra Pradesh,16.793900,81.540300
1356065391,Penuganchiprolu,Andhra Pradesh,16.916700,80.250000
1356797685,Penugolanu,Andhra Pradesh,16.977100,80.436900
1356098929,Penugonda,Andhra Pradesh,16.656900,81.746100
1356305205,Penukonda,Andhra Pradesh,14.084700,77.596700
1356599733,Penumur,Andhra Pradesh,13.366700,79.183300
1356580567,Perali,Andhra Pradesh,15.886000,80.547000
1356970840,Peravali,Andhra Pradesh,15.286100,77.499700
1356618521,Perket,Andhra Pradesh,18.794200,78.306800
1356574055,Pernamitta,Andhra Pradesh,15.533300,80.000000
1356440920,Perupalem,Andhra Pradesh,16.370500,81.581300
1356550055,Peruru,Andhra Pradesh,14.350000,77.333300
1356294882,Peruvancha,Andhra Pradesh,17.360000,80.420000
1356459400,Peryavaram,Andhra Pradesh,13.931700,79.607500
1356047444,Petmanhalli,Andhra Pradesh,17.768800,77.505600
1356134569,Phirangipuram,Andhra Pradesh,16.300000,80.266700
1356026783,Piduguralla,Andhra Pradesh,16.479300,79.886300
1356034538,Pileru,Andhra Pradesh,13.654900,78.947100
1356943816,Pillutla,Andhra Pradesh,16.539000,79.904400
1356043180,Pinneli,Andhra Pradesh,16.568900,79.833400
1356440541,Pithapuram,Andhra Pradesh,17.116700,82.266700
1356247517,Pitlam,Andhra Pradesh,18.222700,77.823800
1356781905,Pittalavanipalem,Andhra Pradesh,15.980600,80.634700
1356196811,Pochampalli,Andhra Pradesh,17.347300,78.819500
1356905606,Podalakur,Andhra Pradesh,14.366700,79.733300
1356266538,Podili,Andhra Pradesh,15.604000,79.608000
1356950349,Polakala,Andhra Pradesh,13.345800,78.816700
1356054535,Polavaram,Andhra Pradesh,17.250000,81.633300
1356075184,Polukallu,Andhra Pradesh,15.828400,77.743100
1356207096,Pondaluru,Andhra Pradesh,14.253500,79.240800
1356187054,Ponduru,Andhra Pradesh,18.350800,83.756700
1356059962,Pongode,Andhra Pradesh,16.924600,79.734300
1356433416,Ponnada,Andhra Pradesh,18.253600,83.901200
1356219968,Ponnuru,Andhra Pradesh,16.066700,80.566700
1356863929,Poranki,Andhra Pradesh,16.474300,80.712800
1356429126,Porumamilla,Andhra Pradesh,15.016700,78.983300
1356926912,Potangal,Andhra Pradesh,18.566100,77.774200
1356256779,Potavaram,Andhra Pradesh,17.019400,81.412800
1356128984,Potukonda,Andhra Pradesh,17.270800,81.754000
1356131123,Potunuru,Andhra Pradesh,16.744200,81.220600
1356533408,Pragadavaram,Andhra Pradesh,17.016700,81.016700
1356837402,Prattipadu,Andhra Pradesh,16.187800,80.339200
1356025913,Proddatur,Andhra Pradesh,14.730000,78.550000
1356646092,Pudimadaka,Andhra Pradesh,17.500000,83.016700
1356104456,Puduru,Andhra Pradesh,16.152000,77.827300
1356401958,Pulakurti,Andhra Pradesh,15.750200,77.709100
1356431352,Pulimaddi,Andhra Pradesh,15.480000,78.480000
1356099701,Pulivendla,Andhra Pradesh,14.416700,78.233300
1356959196,Pulla,Andhra Pradesh,16.806000,81.324100
1356214296,Pullalacheruvu,Andhra Pradesh,16.158400,79.432100
1356073321,Pulluru,Andhra Pradesh,16.830100,80.622600
1356796945,Punganuru,Andhra Pradesh,13.366700,78.583300
1356542997,Punnavalli,Andhra Pradesh,16.406200,80.401000
1356082274,Putaparti,Andhra Pradesh,14.165200,77.811700
1356396930,Puttur,Andhra Pradesh,13.450000,79.550000
1356432424,Pyalakurti,Andhra Pradesh,15.728600,77.816800
1356242157,Pyapali,Andhra Pradesh,15.266900,77.761100
1356735496,Ragampet,Andhra Pradesh,18.638300,79.144100
1356268881,Raikal,Andhra Pradesh,18.900000,78.800000
1356005960,Raiparthi,Andhra Pradesh,17.704200,79.608100
1356831716,Rajahmundry,Andhra Pradesh,16.980000,81.780000
1356258636,Rajanagaram,Andhra Pradesh,17.083300,81.900000
1356102630,Rajapudi,Andhra Pradesh,17.183000,82.050000
1356976999,Rajaram,Andhra Pradesh,18.987000,79.084400
1356684638,Rajendranagar,Andhra Pradesh,17.319800,78.403100
1356902831,Rajupalem,Andhra Pradesh,15.137800,79.992700
1356969255,Ramabhadrapuram,Andhra Pradesh,18.500000,83.283300
1356290874,Ramachandrapuram,Andhra Pradesh,16.850000,82.020000
1356042653,Ramachandrapuran,Andhra Pradesh,17.300000,78.170000
1356601275,Ramanayyapeta,Andhra Pradesh,17.320300,82.101400
1356079915,Ramannapeta,Andhra Pradesh,17.283300,79.100000
1356155190,Ramareddi,Andhra Pradesh,18.411000,78.367400
1356301304,Ramasingavaram,Andhra Pradesh,16.886300,81.108300
1356359427,Ramayampet,Andhra Pradesh,18.116600,78.429800
1356182492,Rambilli,Andhra Pradesh,17.464400,82.931400
1356590864,Ramgundam,Andhra Pradesh,18.763900,79.475000
1356146649,Rangapuram,Andhra Pradesh,15.409200,78.074600
1356170541,Rangasamudram,Andhra Pradesh,14.985200,78.976500
1356139049,Ranjal,Andhra Pradesh,18.745800,77.948300
1356450895,Raparla,Andhra Pradesh,15.956900,80.870300
1356388256,Rapur,Andhra Pradesh,14.201500,79.535100
1356497114,Ratnagiri,Andhra Pradesh,13.811100,77.130100
1356503205,Ratnapuram,Andhra Pradesh,18.628300,79.551700
1356121536,Ravulapalem,Andhra Pradesh,16.753000,81.832000
1356451973,Ravutulapudi,Andhra Pradesh,17.383300,82.383300
1356147853,Rayachoti,Andhra Pradesh,14.058300,78.751700
1356086451,Rayadrug,Andhra Pradesh,14.699700,76.852400
1356641882,Rayapalle,Andhra Pradesh,16.283600,81.502400
1356746535,Rayavaram,Andhra Pradesh,17.183000,81.700000
1356160843,Razampeta,Andhra Pradesh,14.195400,79.159000
1356469151,Razole,Andhra Pradesh,16.476100,81.839100
1356064520,Reddigudem,Andhra Pradesh,16.893900,80.691700
1356116933,Reddipalle,Andhra Pradesh,14.199300,78.010200
1356133893,Relangi,Andhra Pradesh,16.705000,81.647000
1356795224,Rellivalasa,Andhra Pradesh,17.910800,83.410000
1356090944,Renigunta,Andhra Pradesh,13.650000,79.520000
1356544137,Rentachintala,Andhra Pradesh,16.552400,79.552900
1356083696,Repalle,Andhra Pradesh,16.017200,80.829400
1356950387,Revur,Andhra Pradesh,16.821600,79.992600
1356286713,Roddam,Andhra Pradesh,14.100000,77.430000
1356812229,Rolla,Andhra Pradesh,13.833100,77.100000
1356682436,Rompicherla,Andhra Pradesh,16.209800,79.909000
1356897262,Rudrangi,Andhra Pradesh,18.626200,78.702200
1356670795,Rudravaram,Andhra Pradesh,15.266000,78.628000
1356053906,Rudrur,Andhra Pradesh,18.670000,77.900000
1356840259,Rupenaguntla,Andhra Pradesh,16.304300,79.999100
1356248920,Sabbavaram,Andhra Pradesh,17.790000,83.123000
1356040284,Sadaseopet,Andhra Pradesh,17.620300,77.953900
1356044530,Samalkot,Andhra Pradesh,17.053100,82.169500
1356372869,Sanampudi,Andhra Pradesh,16.086000,79.835000
1356998102,Sangam,Andhra Pradesh,14.595600,79.742800
1356177714,Sangareddi,Andhra Pradesh,17.629400,78.091700
1356086261,Sankhavaram,Andhra Pradesh,17.270400,82.344500
1356148353,Santamaguluru,Andhra Pradesh,16.130300,79.948600
1356331264,Sarapaka,Andhra Pradesh,17.692200,80.861400
1356128297,Sarpavaram,Andhra Pradesh,17.010200,82.225000
1356454910,Satravada,Andhra Pradesh,13.320100,79.548800
1356153330,Sattenapalle,Andhra Pradesh,16.396200,80.149700
1356993991,Satuluru,Andhra Pradesh,16.254100,80.121400
1356474467,Satyavedu,Andhra Pradesh,13.437000,79.956000
1356779437,Secunderabad,Andhra Pradesh,17.439900,78.498300
1356009049,Settivaripalle,Andhra Pradesh,14.754300,78.764900
1356385213,Shahmirpet,Andhra Pradesh,17.594700,78.574900
1356251040,Shamsabad,Andhra Pradesh,17.260300,78.396900
1356385422,Shankarampet,Andhra Pradesh,18.049000,77.914300
1356000190,Shankarpalli,Andhra Pradesh,17.452300,78.131000
1356075910,Sher Muhammadpuram,Andhra Pradesh,18.299700,83.833100
1356671720,Siddipet,Andhra Pradesh,18.101800,78.852000
1356627403,Singarayakonda,Andhra Pradesh,15.250000,80.030000
1356130737,Sirikonda,Andhra Pradesh,17.194700,79.777500
1356164247,Sirpur,Andhra Pradesh,19.483300,79.600000
1356360144,Sirsilla,Andhra Pradesh,18.380000,78.830000
1356385349,Sirvel,Andhra Pradesh,15.317000,78.533000
1356123372,Soanpeta,Andhra Pradesh,18.958600,78.361000
1356300184,Somandepalle,Andhra Pradesh,14.007800,77.608600
1356074440,Somireddipalle,Andhra Pradesh,14.836500,78.906200
1356426585,Sompeta,Andhra Pradesh,18.930000,84.600000
1356473941,Srikurmam,Andhra Pradesh,18.160000,84.100000
1356321128,Sriramapuram,Andhra Pradesh,16.407100,80.297100
1356864545,Srirangapur,Andhra Pradesh,16.191700,78.050700
1356256475,Sriremapuram,Andhra Pradesh,16.860000,81.990000
1356108184,Srisailain,Andhra Pradesh,16.083300,78.866700
1356572581,Srungavarapukota,Andhra Pradesh,18.116700,83.166700
1356399027,Sulleru,Andhra Pradesh,18.533300,83.216700
1356975454,Sultanabad,Andhra Pradesh,18.533300,79.333300
1356969200,Suluru,Andhra Pradesh,13.700000,80.018000
1356283197,Sundararaopeta,Andhra Pradesh,16.803100,81.641900
1356177873,Sunkarevu,Andhra Pradesh,16.390400,81.861500
1356049007,Suramala,Andhra Pradesh,13.750000,79.700000
1356067301,Suriapet,Andhra Pradesh,17.141500,79.623600
1356082574,Swarna,Andhra Pradesh,15.854200,80.285800
1356511543,Tadepalle,Andhra Pradesh,16.483300,80.600000
1356576541,Tadepallegudem,Andhra Pradesh,16.815000,81.526000
1356158447,Tadigadapa,Andhra Pradesh,16.471300,80.697000
1356616862,Tadikalapudi,Andhra Pradesh,16.899100,81.176400
1356715367,Tadikonda,Andhra Pradesh,16.416700,80.454200
1356802831,Tadinada,Andhra Pradesh,16.547000,81.321900
1356318314,Tadpatri,Andhra Pradesh,14.920000,78.020000
1356157946,Talupula,Andhra Pradesh,14.250000,78.266700
1356904942,Tanakallu,Andhra Pradesh,13.919800,78.195000
1356472437,Tandur,Andhra Pradesh,17.230000,77.580000
1356174472,Tanguturu,Andhra Pradesh,15.340000,80.039000
1356546052,Tanuku,Andhra Pradesh,16.750000,81.700000
1356167301,Tarlapalli,Andhra Pradesh,18.834500,79.490700
1356120719,Tekkali,Andhra Pradesh,18.605700,84.235500
1356143966,Telaprolu,Andhra Pradesh,16.586000,80.890000
1356020207,Telkapalli,Andhra Pradesh,16.450000,78.466700
1356831482,Tenali,Andhra Pradesh,16.239000,80.645000
1356806492,Teranikallu,Andhra Pradesh,15.639200,77.530300
1356069173,Tetagunta,Andhra Pradesh,17.314000,82.443000
1356846057,Tettu,Andhra Pradesh,13.627500,78.432200
1356639219,Thogapalle,Andhra Pradesh,17.260300,80.478600
1356159166,Timmapur,Andhra Pradesh,19.048400,78.641400
1356174693,Timmapuram,Andhra Pradesh,17.103600,81.078100
1356092592,Tirmaigiri,Andhra Pradesh,16.723000,79.337400
1356041789,Tirmalgiri,Andhra Pradesh,17.474600,79.436100
1356345138,Tirumala,Andhra Pradesh,13.683300,79.350000
1356362995,Tirupati,Andhra Pradesh,13.650000,79.416700
1356119105,Tiruvur,Andhra Pradesh,17.100000,80.600000
1356129281,Tokatippa,Andhra Pradesh,16.283600,81.502400
1356408013,Tondangi,Andhra Pradesh,17.250000,82.466700
1356024353,Tripurantakam,Andhra Pradesh,16.000700,79.456300
1356880800,Trovagunta,Andhra Pradesh,15.550900,80.058900
1356234699,Tsallagundla,Andhra Pradesh,16.352200,79.961900
1356039781,Tsundupalle,Andhra Pradesh,13.980900,78.915200
1356979046,Tummalacheruvu,Andhra Pradesh,16.524600,79.798800
1356859571,Tummalapenta,Andhra Pradesh,14.899700,80.068700
1356569796,Tummapala,Andhra Pradesh,17.716600,82.996500
1356714402,Tummapudi,Andhra Pradesh,16.378000,80.623100
1356073049,Tuni,Andhra Pradesh,17.350000,82.550000
1356032656,Tupran,Andhra Pradesh,17.844700,78.480000
1356802261,Turkaguda,Andhra Pradesh,17.272800,78.570800
1356113273,Udayagiri,Andhra Pradesh,14.866700,79.316700
1356294356,Ukkayapalle,Andhra Pradesh,14.489800,78.892700
1356207891,Unagatla,Andhra Pradesh,16.961100,81.661000
1356723564,Undi,Andhra Pradesh,16.600000,81.466700
1356797513,Undrajavaram,Andhra Pradesh,16.786600,81.699700
1356443968,Unguturu,Andhra Pradesh,16.823000,81.423800
1356472489,Uppada,Andhra Pradesh,17.088300,82.333300
1356477382,Uppalaguptam,Andhra Pradesh,16.566700,82.100000
1356018956,Uppalapadu,Andhra Pradesh,16.386200,79.998300
1356924393,Upperu,Andhra Pradesh,16.650000,77.516700
1356852744,Uppugunduru,Andhra Pradesh,15.673000,80.167000
1356897305,Uravakonda,Andhra Pradesh,14.950000,77.270000
1356434516,Utnur,Andhra Pradesh,19.366700,78.766700
1356351109,Uttukkottai,Andhra Pradesh,13.335400,79.898000
1356586218,Vaddadi,Andhra Pradesh,17.847400,82.872900
1356963102,Vaddapalli,Andhra Pradesh,18.532400,77.895000
1356809394,Vaddepalli,Andhra Pradesh,15.936300,77.841300
1356771123,Valaparla,Andhra Pradesh,15.916700,80.050000
1356046436,Valasa,Andhra Pradesh,14.163200,76.946900
1356028912,Valkurti,Andhra Pradesh,18.717100,79.382300
1356853559,Vallahbhapuram,Andhra Pradesh,16.352800,80.717500
1356367532,Vanipenta,Andhra Pradesh,14.790600,78.780500
1356108010,Vanukuru,Andhra Pradesh,16.440600,80.737900
1356141021,Vardannapet,Andhra Pradesh,17.773500,79.573100
1356388291,Vardhamankota,Andhra Pradesh,17.377500,79.441000
1356799189,Vatluru,Andhra Pradesh,16.700900,81.052500
1356094343,Vavveru,Andhra Pradesh,14.559400,79.872500
1356770003,Vayalpad,Andhra Pradesh,13.650000,78.633300
1356325276,Vedurupavaluru,Andhra Pradesh,16.551900,80.730900
1356155810,Velair,Andhra Pradesh,18.007100,79.327200
1356075545,Veldurti,Andhra Pradesh,15.566700,77.916700
1356592217,Velivennu,Andhra Pradesh,16.844300,81.689500
1356282921,Vellaturu,Andhra Pradesh,16.120900,79.650800
1356294147,Velpuru,Andhra Pradesh,16.177500,80.742500
1356119130,Velugodu,Andhra Pradesh,15.781700,78.689200
1356119137,Vemalwada,Andhra Pradesh,18.466700,78.883300
1356134721,Vempalle,Andhra Pradesh,14.366700,78.466700
1356006195,Vempatti,Andhra Pradesh,17.448800,79.599200
1356562018,Vemuladivi,Andhra Pradesh,16.340800,81.695800
1356131446,Vemulanarva,Andhra Pradesh,16.966000,80.260000
1356480875,Vemulapudi,Andhra Pradesh,17.608700,82.613800
1356414293,Vemuluru,Andhra Pradesh,16.933700,81.805700
1356457139,Vendram,Andhra Pradesh,16.536000,81.623000
1356278957,Venkatadripalem,Andhra Pradesh,16.050600,79.217000
1356644043,Venkatagiri,Andhra Pradesh,13.966700,79.583300
1356937273,Venkatagirikota,Andhra Pradesh,13.000000,78.500000
1356520107,Venkatapuram,Andhra Pradesh,18.223200,79.951600
1356538116,Vetapalem,Andhra Pradesh,15.780000,80.320000
1356021169,Vidapanakallu,Andhra Pradesh,15.066700,77.183300
1356296261,Vijayapuri North,Andhra Pradesh,16.602800,79.307500
1356807575,Vijayawada,Andhra Pradesh,16.519300,80.630500
1356904767,Vikarabad,Andhra Pradesh,17.330000,77.900000
1356046673,Vikrutamala,Andhra Pradesh,13.620600,79.564200
1356280098,Villasagar,Andhra Pradesh,18.473600,78.964500
1356157126,Vinjam,Andhra Pradesh,13.254400,79.263000
1356585127,Vinjamur,Andhra Pradesh,14.833000,79.583000
1356425707,Vinnamala,Andhra Pradesh,13.907400,79.908600
1356819642,Vinukonda,Andhra Pradesh,16.050000,79.750000
1356198393,Vipparla,Andhra Pradesh,16.302300,79.937300
1356596508,Viraghattam,Andhra Pradesh,18.683300,83.600000
1356638614,Virapalle,Andhra Pradesh,14.150000,78.866700
1356071029,Viravada,Andhra Pradesh,17.119400,82.211000
1356692563,Vishakhapatnam,Andhra Pradesh,17.704200,83.297800
1356082522,Vissannapeta,Andhra Pradesh,16.950000,80.783300
1356212761,Vizianagaram,Andhra Pradesh,18.115900,83.406000
1356090391,Vontimitta,Andhra Pradesh,14.383300,79.033300
1356607430,Vutukuru,Andhra Pradesh,14.577800,80.142300
1356510065,Vuyyuru,Andhra Pradesh,16.366700,80.850000
1356041600,Wadlakonda,Andhra Pradesh,17.773600,79.575000
1356934970,Wanparti,Andhra Pradesh,16.362300,78.062200
1356851618,Warangal,Andhra Pradesh,17.968900,79.594100
1356342591,Wargal,Andhra Pradesh,17.775100,78.618100
1356627298,Warni,Andhra Pradesh,18.543600,77.907200
1356777487,Wepangandla,Andhra Pradesh,15.935900,77.841700
1356745282,Yadavolu,Andhra Pradesh,17.061900,81.472900
1356425691,Yadiki,Andhra Pradesh,15.050000,77.880000
1356154626,Yalamakuru,Andhra Pradesh,15.768000,77.482000
1356167556,Yalluru,Andhra Pradesh,15.306300,78.455900
1356982123,Yanam,Andhra Pradesh,16.733300,82.216700
1356545849,Yandrapalle,Andhra Pradesh,15.906200,79.324400
1356857489,Yedapalli,Andhra Pradesh,18.678900,77.950500
1356460296,Yeddumailaram,Andhra Pradesh,17.501100,78.124200
1356908847,Yekambarakuppam,Andhra Pradesh,13.316800,79.567800
1356605528,Yeldurti,Andhra Pradesh,17.907400,78.372100
1356837630,Yellanda,Andhra Pradesh,17.792900,79.591200
1356029729,Yellandu,Andhra Pradesh,17.600000,80.330000
1356002311,Yellareddi,Andhra Pradesh,18.185900,78.021200
1356486387,Yellayapalem,Andhra Pradesh,14.537800,79.951500
1356986294,Yelmalla,Andhra Pradesh,18.824100,78.160900
1356181058,Yelpur,Andhra Pradesh,18.765100,78.395300
1356153760,Yenkuvarigudem,Andhra Pradesh,16.998900,81.506100
1356105542,Yenmangandla,Andhra Pradesh,16.883900,78.033200
1356787733,Yerrapalem,Andhra Pradesh,16.150000,80.030000
1356679643,Zafargarh,Andhra Pradesh,17.768600,79.485900
1356771040,Zahirabad,Andhra Pradesh,17.681400,77.607400
1356884236,Zaladanki,Andhra Pradesh,14.884300,79.912500
1356877137,Zangareddigudem,Andhra Pradesh,17.122900,81.295300
1356497434,Zulakallu,Andhra Pradesh,16.444200,79.787400
1356851672,Zuvvaladinne,Andhra Pradesh,14.808000,80.070500
1356023817,Itanagar,Arunāchal Pradesh,27.100000,93.620000
1356412298,Margherita,Arunāchal Pradesh,27.280000,95.680000
1356208104,Pasighat,Arunāchal Pradesh,28.070000,95.330000
1356415744,Tezu,Arunāchal Pradesh,27.916700,96.166700
1356069797,Abhayapuri,Assam,26.322500,90.685300
1356156486,Amingaon,Assam,26.230000,91.670000
1356341147,Amtala,Assam,26.100000,91.390000
1356793949,Badarpur,Assam,24.868500,92.596100
1356132816,Barpathar,Assam,26.287100,93.888400
1356659123,Barpeta,Assam,26.320000,91.000000
1356100821,Bihpuriagaon,Assam,26.803100,93.554400
1356148310,Bijni,Assam,26.495900,90.703000
1356018787,Bilasipara,Assam,26.232800,90.234100
1356710319,Biswanath Chariali,Assam,26.727800,93.151700
1356155935,Bokakhat,Assam,26.640200,93.600500
1356037877,Bongaigaon,Assam,26.476900,90.558300
1356054288,Chapar,Assam,26.283900,90.226400
1356645681,Dergaon,Assam,26.700000,93.966700
1356842057,Dhekiajuli,Assam,26.703700,92.478100
1356876792,Dhemaji,Assam,27.483300,94.583300
1356100928,Dhing,Assam,26.467900,92.473400
1356620816,Dhuburi,Assam,26.020000,90.000000
1356100193,Dibrugarh,Assam,27.480000,95.000000
1356278084,Digboi,Assam,27.393200,95.618400
1356155429,Dimapur,Assam,25.920000,93.730000
1356140802,Diphu,Assam,25.830000,93.430000
1356960169,Dispur,Assam,26.150000,91.770000
1356035545,Dum Duma,Assam,27.568800,95.556600
1356178626,Gauripur,Assam,26.080000,89.970000
1356089059,Goalpara,Assam,26.170000,90.620000
1356335172,Gohpur,Assam,26.881800,93.615600
1356013906,Golaghat,Assam,26.520000,93.970000
1356705745,Goshaingaon,Assam,26.439500,89.963100
1356593800,Guwahati,Assam,26.172200,91.745800
1356671360,Hailakandi,Assam,24.683900,92.561000
1356286275,Hojai,Assam,26.002800,92.852800
1356834463,Howli,Assam,26.422400,90.980000
1356575843,Jamunamukh,Assam,26.101500,92.742600
1356638741,Jorhat,Assam,26.750000,94.220000
1356917958,Kaimati,Assam,26.085400,89.615000
1356360922,Kharupatia,Assam,26.518400,92.147200
1356850689,Kochugaon,Assam,26.551800,90.076200
1356034356,Kokrajhar,Assam,26.400000,90.270000
1356389047,Lakhipur,Assam,26.289700,90.228100
1356685742,Lala,Assam,24.554200,92.615900
1356061348,Lumding,Assam,25.750000,93.170000
1356621216,Mangaldai,Assam,26.430000,92.030000
1356109974,Mariani,Assam,26.670000,94.330000
1356098720,Moranha,Assam,27.187400,94.915600
1356217812,Nahorkatiya,Assam,27.289100,95.341800
1356164124,Nalbari,Assam,26.445000,91.440000
1356777660,Namrup,Assam,27.193900,95.319300
1356745120,North Guwahati,Assam,26.190000,91.710000
1356628778,North Lakhimpur,Assam,27.241400,94.105600
1356273589,Nowgong,Assam,26.349200,92.686100
1356822563,Rangapara,Assam,26.837700,92.668800
1356060286,Rangia,Assam,26.470000,91.630000
1356845033,Rupahi,Assam,26.411000,92.740000
1356558749,Sapatgram,Assam,26.337300,90.123600
1356111665,Sarpamari,Assam,26.384100,89.689100
1356506584,Sibsagar,Assam,26.980000,94.630000
1356102467,Silchar,Assam,24.820000,92.800000
1356794202,Soalkuchi,Assam,26.170000,91.570000
1356530240,Sonari,Assam,27.024600,95.016300
1356381654,Sorbhog,Assam,26.500000,90.870000
1356299437,Tezpur,Assam,26.630000,92.800000
1356391413,Tinsukia,Assam,27.500000,95.367000
1356415781,Udalguri,Assam,26.753700,92.102100
1356951045,Abdullahnagar,Bihār,25.768300,87.555700
1356693138,Abhia,Bihār,25.349900,87.142700
1356253810,Abhwar,Bihār,26.174000,86.632400
1356338843,Adalpur,Bihār,26.191000,86.023900
1356634784,Afzala,Bihār,25.931900,86.229300
1356918290,Agarpur,Bihār,25.195700,87.042300
1356049208,Ahirauliya,Bihār,26.509100,84.799900
1356496570,Ahiro,Bihār,24.919200,87.105400
1356352188,Ahmadabad,Bihār,25.301900,87.793800
1356100470,Alamnagar,Bihār,25.561000,86.901400
1356005063,Alampur,Bihār,24.872100,83.882900
1356937815,Alampur Gonpura,Bihār,25.540400,85.051100
1356202491,Alauli,Bihār,25.644000,86.406500
1356234041,Aliganj,Bihār,24.936500,85.925000
1356129136,Amaha,Bihār,26.128400,86.799800
1356096170,Amari,Bihār,25.717900,86.083900
1356373131,Amarpur,Bihār,25.039700,86.902500
1356276487,Amba Icharua,Bihār,25.614000,86.425800
1356259953,Amha,Bihār,26.051800,86.690600
1356716856,Amiawar,Bihār,25.040500,84.309600
1356386670,Amjhar,Bihār,25.064100,84.559100
1356438929,Amodei,Bihār,26.897500,84.818200
1356091183,Amwa Majhar,Bihār,26.736200,84.581800
1356688474,Anandpur,Bihār,25.619200,84.867300
1356063339,Andhana,Bihār,25.257400,85.454800
1356372709,Andhra Tharhi,Bihār,26.377100,86.334100
1356037358,Aphaur,Bihār,25.882800,84.759500
1356406661,Arajpur,Bihār,25.519700,87.080800
1356705147,Aranda,Bihār,26.085000,84.360100
1356297542,Araria,Bihār,26.150000,87.520000
1356766179,Areraj,Bihār,26.552700,84.672600
1356863436,Arma,Bihār,25.196600,86.246800
1356888928,Arniya,Bihār,25.715000,85.544800
1356085605,Arrah,Bihār,25.551400,84.660300
1356697722,Arwal,Bihār,25.250000,84.680000
1356020119,Asahni,Bihār,26.007900,84.479900
1356622092,Asarganj,Bihār,25.150000,86.680000
1356500098,Asarhi,Bihār,25.289200,85.218900
1356091403,Asthanwan,Bihār,25.221500,85.626200
1356215590,Athar,Bihār,26.039200,86.059000
1356974954,Auhar Sheikh,Bihār,26.721600,84.599300
1356152123,Aurahi,Bihār,26.189500,87.337200
1356920493,Aurangabad,Bihār,24.700000,84.350000
1356826386,Auria,Bihār,24.856300,87.011200
1356703956,Auta,Bihār,25.388200,85.955800
1356646676,Azamnagar,Bihār,25.545600,87.829400
1356601753,Azizpur Chande,Bihār,25.793200,85.594500
1356831790,Babhanganwa,Bihār,26.139800,86.846400
1356414402,Babhangaon,Bihār,25.789700,86.976700
1356005473,Babhangawan,Bihār,25.367400,86.950100
1356256590,Babhani Bholwa,Bihār,26.087600,86.745600
1356910526,Babhantoli,Bihār,26.216800,88.324900
1356981784,Babhniyawan,Bihār,25.494300,84.481500
1356089511,Babhnoul,Bihār,25.320200,84.212800
1356052811,Babura,Bihār,25.683800,84.782500
1356866644,Bachhauta,Bihār,25.524200,86.460600
1356397208,Bagaha,Bihār,27.099200,84.090000
1356156215,Bagahi,Bihār,26.763200,84.467000
1356073341,Bagaura,Bihār,26.038800,84.462400
1356494563,Baghambarpur,Bihār,26.807500,84.405900
1356697262,Baghant,Bihār,26.174800,86.170500
1356433257,Baghauni,Bihār,25.933800,86.059400
1356895977,Baghduma,Bihār,24.822300,87.011600
1356948344,Baghra,Bihār,25.559700,85.584100
1356729142,Bahadurganj,Bihār,26.261700,87.824400
1356197437,Bahadurpur,Bihār,25.452200,85.630300
1356549569,Baheri,Bihār,25.942600,86.047100
1356618946,Baikatpur,Bihār,25.493900,85.379200
1356258895,Bairagnia,Bihār,26.740600,85.273300
1356779350,Bairia,Bihār,25.556300,85.183500
1356025009,Bairiya,Bihār,26.339200,84.823600
1356258965,Bairo,Bihār,26.014400,86.510000
1356257803,Baisa,Bihār,25.355200,86.724600
1356113318,Bakarpur Ogairah,Bihār,25.329400,87.513800
1356407056,Bakharia,Bihār,26.766600,84.661900
1356326370,Bakhra,Bihār,26.033300,85.100000
1356552676,Bakhri,Bihār,25.598900,86.260700
1356003710,Bakhtiyarpur,Bihār,25.466700,85.516700
1356464142,Bakwa,Bihār,26.060100,86.412400
1356146472,Balgudar,Bihār,25.200000,86.083300
1356343603,Balha,Bihār,25.546800,86.568300
1356966762,Balhapur,Bihār,25.351100,86.212200
1356489968,Baligaon,Bihār,25.419600,84.495100
1356481249,Baltara,Bihār,25.511600,86.723200
1356806047,Balua,Bihār,26.327200,87.623100
1356921488,Balua Rampur,Bihār,26.777700,84.428000
1356020908,Bamaiya Harlal,Bihār,25.666400,85.880200
1356571162,Banbhag,Bihār,25.791900,87.414000
1356605414,Bandwar,Bihār,25.509300,86.159500
1356596247,Bangaon,Bihār,25.867300,86.511500
1356041297,Bangawan,Bihār,26.042700,87.420200
1356148827,Bank,Bihār,24.953900,84.192800
1356082660,Banki,Bihār,26.149700,86.362600
1356257311,Banni,Bihār,25.469200,86.606800
1356119213,Bansbari,Bihār,26.193400,87.449800
1356436701,Banu Chhapra,Bihār,26.809800,84.520100
1356047864,Bar Bigha,Bihār,25.218600,85.733200
1356937398,Bara,Bihār,25.928600,86.523700
1356160442,Bara Khurd,Bihār,25.259900,85.432500
1356907977,Baragaon,Bihār,25.134800,85.432000
1356539403,Barah,Bihār,25.388500,85.491200
1356644677,Barahari,Bihār,25.765200,87.093700
1356546582,Barahbatta,Bihār,25.772700,85.752200
1356995331,Barahi,Bihār,25.972500,86.745200
1356119826,Barahkurwa,Bihār,26.146000,86.923700
1356453869,Barahpur,Bihār,25.419200,85.876200
1356259938,Barahra,Bihār,26.235600,86.561500
1356605319,Barai,Bihār,26.371700,86.013400
1356122015,Baraidih,Bihār,25.979800,86.143400
1356256861,Barajor,Bihār,24.799200,86.373100
1356156731,Baraon,Bihār,25.455100,84.266100
1356051379,Bararam,Bihār,26.157200,84.362700
1356712266,Barari,Bihār,25.506800,87.376100
1356793711,Barauli,Bihār,26.381500,84.587200
1356735822,Barbana,Bihār,26.071900,87.253900
1356079852,Bardiha Turki,Bihār,25.805900,85.544100
1356014858,Baretha,Bihār,25.525800,87.448500
1356697109,Bargaon,Bihār,25.345500,84.660700
1356142503,Barhampur,Bihār,26.304200,86.472900
1356090971,Barharia,Bihār,26.319100,84.454700
1356567958,Barharwa Kalan,Bihār,26.543400,84.828600
1356324310,Barhauna,Bihār,25.604300,85.728800
1356593160,Barhi,Bihār,26.571400,86.090300
1356881084,Barhiya,Bihār,25.283300,86.033300
1356730923,Bari,Bihār,25.876900,86.191800
1356092761,Bariariya,Bihār,26.510500,84.716500
1356051150,Bariariya Tola Rajpur,Bihār,26.456700,84.704300
1356237187,Bariarpur,Bihār,25.288500,86.575800
1356689993,Bariarpur Kandh,Bihār,25.939100,85.467400
1356125284,Bariyarpur,Bihār,26.634700,84.924500
1356508796,Barka Gaon,Bihār,26.144000,84.659800
1356452934,Barka Parbatta,Bihār,25.339600,87.057600
1356311518,Barki Ballia,Bihār,25.422300,86.275800
1356084376,Barnaon,Bihār,25.480900,84.525000
1356558002,Barni,Bihār,25.348400,85.059400
1356359394,Baro,Bihār,25.448700,85.992400
1356297533,Barsaun,Bihār,25.631600,84.437200
1356001278,Baruari,Bihār,26.030500,86.596500
1356001279,Barun,Bihār,24.860200,84.223200
1356554204,Baruni,Bihār,25.475100,85.968100
1356005091,Barwat Pasrain,Bihār,26.792500,84.546900
1356260333,Basaha,Bihār,26.132900,86.748000
1356200085,Basaithi,Bihār,26.028400,87.332900
1356716312,Basantpur,Bihār,26.133100,87.465600
1356083614,Basaon,Bihār,26.208200,84.617400
1356089143,Basarh,Bihār,25.980800,85.128500
1356081844,Basatpur,Bihār,26.001100,85.064300
1356257719,Basbiti,Bihār,26.093900,86.528900
1356257781,Basdeopur,Bihār,25.390900,86.682100
1356825918,Basmanpur,Bihār,26.643300,84.978900
1356088494,Basopatti,Bihār,26.578000,86.005200
1356465927,Bataredh,Bihār,26.425000,84.606100
1356561919,Bathnaha,Bihār,26.643300,85.574700
1356606160,Baturbari,Bihār,26.228100,87.471400
1356661601,Baulia,Bihār,25.399000,87.600200
1356391361,Bazid Chak Kasturi,Bihār,25.655900,85.441200
1356452229,Bazidpur,Bihār,26.153600,86.151100
1356619346,Begusarai,Bihār,25.420000,86.130000
1356013089,Behat,Bihār,26.243500,86.279900
1356055471,Bela,Bihār,25.810300,85.015700
1356624262,Bela Simri,Bihār,25.529500,86.307900
1356236821,Belao,Bihār,25.147600,85.737700
1356139089,Belari,Bihār,25.965500,86.916100
1356271751,Belauncha,Bihār,26.212400,86.355400
1356591775,Belaur,Bihār,25.447700,84.647300
1356061516,Beldaur,Bihār,25.594700,86.790900
1356604967,Belhi,Bihār,26.576900,86.172300
1356552062,Belo,Bihār,25.874700,86.885500
1356075716,Belsand,Bihār,26.443600,85.400800
1356511922,Belsandi Tara,Bihār,25.772200,85.960800
1356723054,Belsara,Bihār,26.015200,87.202300
1356224812,Belwa,Bihār,26.105600,87.491600
1356378203,Belwara,Bihār,25.744300,86.475500
1356245268,Benipati,Bihār,26.444200,85.908300
1356151788,Besarh,Bihār,25.953700,87.049100
1356590604,Bettiah,Bihār,26.801400,84.502800
1356099347,Beur,Bihār,25.569000,85.094400
1356880067,Bhabhua,Bihār,25.050000,83.620000
1356564006,Bhachhi,Bihār,26.340400,86.058500
1356825854,Bhachhi Asli,Bihār,26.014700,86.044400
1356302743,Bhadas,Bihār,25.518400,86.443400
1356013403,Bhado Khara,Bihār,24.956700,85.513000
1356255694,Bhadsara,Bihār,25.369600,84.844400
1356684418,Bhadwar,Bihār,25.557600,84.755900
1356760990,Bhagalpur,Bihār,25.250000,87.000000
1356136971,Bhagatpur,Bihār,25.409800,86.307600
1356789321,Bhagirathpur,Bihār,24.091200,88.494700
1356852037,Bhagwanpur Desua,Bihār,25.812400,85.838200
1356225654,Bhagwatpur,Bihār,25.748400,85.701600
1356844310,Bhainsahi,Bihār,26.440400,84.544300
1356119252,Bhakua,Bihār,26.516700,86.197400
1356905665,Bhalpatti,Bihār,26.185300,86.050900
1356119955,Bhandarso,Bihār,26.178000,86.141500
1356388724,Bhangha,Bihār,25.578000,87.278200
1356501629,Bhanghi,Bihār,26.361200,87.182600
1356903244,Bhansia,Bihār,26.099200,87.531600
1356385391,Bhargaon,Bihār,26.075000,87.148300
1356544709,Bharhopur,Bihār,25.948800,84.527400
1356790417,Bharokhara,Bihār,25.865500,85.683400
1356580444,Bharra,Bihār,25.439800,86.162400
1356127844,Bhasaula Danapur,Bihār,25.550900,85.030800
1356026708,Bhataulia,Bihār,26.477100,84.778900
1356100865,Bhatkhori,Bihār,25.915600,86.907200
1356565056,Bhatranha,Bihār,25.984600,86.634800
1356702286,Bhaur,Bihār,26.275100,86.155200
1356396925,Bhauradah,Bihār,26.252000,87.860000
1356038471,Bhawanandpur,Bihār,25.540000,86.103000
1356931432,Bhawanipur,Bihār,26.436100,84.735600
1356738539,Bhawanipur Rajdham,Bihār,25.650100,87.139600
1356853271,Bheja,Bihār,26.104600,86.395000
1356163268,Bhiraha,Bihār,25.797800,86.073600
1356256650,Bhirua,Bihār,25.850900,86.331900
1356282994,Bhit Bhagwanpur,Bihār,26.116000,86.355000
1356285087,Bhojpur Jadid,Bihār,25.588000,84.162100
1356907861,Bhojpur Kadim,Bihār,25.584100,84.126500
1356304058,Bholsar,Bihār,25.213300,87.214700
1356108311,Bhopatpur,Bihār,26.449500,84.854500
1356702860,Bhui,Bihār,25.089400,85.388800
1356475713,Bibhutpur,Bihār,25.687800,85.999200
1356015536,Biddupur,Bihār,25.646400,85.320300
1356002333,Bihar,Bihār,25.197000,85.518000
1356877215,Bihariganj,Bihār,25.734100,86.988400
1356815038,Bihat,Bihār,25.425300,86.020800
1356547801,Bihpur,Bihār,25.388900,86.933700
1356234338,Bihta,Bihār,25.573100,84.835800
1356213954,Bijai,Bihār,25.471100,87.087400
1356504956,Bikramganj,Bihār,25.210700,84.255100
1356133519,Bikrampur Bande,Bihār,25.841500,85.742400
1356606737,Bilauri,Bihār,25.770300,87.516300
1356282931,Bimawan,Bihār,25.511100,84.494600
1356257236,Bina,Bihār,26.079200,86.632600
1356236664,Bind,Bihār,25.303500,85.686900
1356428155,Birdaban,Bihār,26.401200,84.993400
1356023477,Birhana,Bihār,25.448900,85.705400
1356070365,Birnagar,Bihār,25.978500,87.111000
1356129226,Birpur,Bihār,26.508200,87.011900
1356692198,Birpur Barapatti Pindraun,Bihār,26.547500,86.389800
1356909381,Bisaria,Bihār,25.978900,87.100300
1356113142,Bisaul,Bihār,26.615100,85.993000
1356256599,Bishunpur,Bihār,26.086800,86.654100
1356277644,Bishunpur Hakimabad,Bihār,25.845300,85.843200
1356224656,Bishunpur Sundar,Bihār,26.057900,86.983300
1356127085,Bishunpura,Bihār,26.543600,84.436400
1356752035,Bistaria,Bihār,26.126200,87.230000
1356628791,Bithan,Bihār,25.695400,86.278900
1356539912,Bithauli,Bihār,26.021900,86.079300
1356867658,Bobil,Bihār,25.626900,86.806900
1356651748,Bochaha,Bihār,25.567500,85.739300
1356258382,Borna,Bihār,25.437300,86.617200
1356892552,Borne,Bihār,25.543100,86.699900
1356455116,Bucheya,Bihār,26.342100,84.664200
1356203235,Buddh Gaya,Bihār,24.698100,84.986900
1356004590,Budhma,Bihār,25.645100,86.831700
1356257789,Bundehra,Bihār,25.377600,86.737600
1356260732,Buram,Bihār,25.972500,86.317000
1356640356,Burhia Dhanghatta,Bihār,25.900400,87.285200
1356331714,Buxar,Bihār,25.560500,83.980500
1356118851,Chahatpur,Bihār,26.233100,87.581600
1356011638,Chailaha,Bihār,26.673800,84.880100
1356854153,Chainpur,Bihār,25.034500,83.506600
1356574932,Chaita,Bihār,25.767100,85.879200
1356390829,Chak Habib,Bihār,25.723800,85.878900
1356015975,Chak Husaini,Bihār,25.516900,86.556600
1356330257,Chak Pahar,Bihār,25.798600,85.621800
1356871109,Chak That,Bihār,25.734700,86.034000
1356309912,Chakai,Bihār,26.088400,87.615400
1356620332,Chakand,Bihār,24.890700,84.976100
1356151353,Chakia,Bihār,26.416000,85.046700
1356478522,Chakla Waini,Bihār,25.908100,85.683600
1356150821,Chakwai,Bihār,25.054300,85.662000
1356899056,Champapur,Bihār,26.888100,84.834000
1356553756,Chamtha,Bihār,25.578900,85.773400
1356786394,Chanaur,Bihār,25.851000,86.673900
1356967717,Chand Chaur,Bihār,25.727600,85.786500
1356346615,Chandauli,Bihār,25.897200,85.716100
1356304256,Chandhaus,Bihār,25.297700,84.859500
1356259583,Chandi,Bihār,25.729600,87.519500
1356934631,Chandpur,Bihār,25.505900,87.248800
1356083824,Chandpura,Bihār,25.496600,86.210400
1356287925,Chanp,Bihār,26.195100,84.390000
1356147120,Chapra,Bihār,25.784800,84.727400
1356303082,Charaut,Bihār,26.532200,85.794200
1356661444,Charne,Bihār,26.118500,87.075400
1356714455,Charuanwan,Bihār,25.134800,85.681200
1356989809,Chatia,Bihār,26.539600,84.566000
1356380636,Chatra Gobraura,Bihār,26.497300,86.217900
1356616107,Chaugain,Bihār,25.480100,84.232800
1356781078,Chauki,Bihār,25.457300,86.401800
1356401229,Chauki Hasan Chauki Makhdum,Bihār,26.233300,84.496400
1356288709,Chausa,Bihār,25.528300,87.032200
1356148093,Chautham,Bihār,25.543900,86.656700
1356573010,Cherakhera,Bihār,25.686900,86.418700
1356896619,Cheran,Bihār,25.361000,85.542100
1356177404,Chero,Bihār,25.246300,85.816900
1356441891,Chewara,Bihār,25.075600,85.927700
1356064201,Chhapia,Bihār,26.083100,84.844700
1356942378,Chhapra,Bihār,26.400500,85.372100
1356641308,Chhapra Bahas,Bihār,26.726600,84.791200
1356478045,Chhatapur,Bihār,26.219700,87.004800
1356259965,Chikni,Bihār,26.007500,86.703200
1356094370,Chilmil,Bihār,25.456300,86.136400
1356086519,Chitauria,Bihār,25.486900,87.551100
1356541852,Colgong,Bihār,25.263300,87.232600
1356757539,Dagarua,Bihār,25.800000,87.640000
1356068809,Dagmara,Bihār,26.395300,86.760100
1356511757,Daharia,Bihār,26.180700,87.004300
1356301597,Dahibhat Madhopur,Bihār,26.276300,86.084700
1356097095,Dahua,Bihār,24.774200,87.032500
1356004498,Dakhram,Bihār,26.054200,86.128000
1356213744,Dalan,Bihār,25.603000,87.559200
1356235750,Dalawarpur,Bihār,26.346600,84.958100
1356432759,Dalippur,Bihār,25.422200,84.393300
1356189011,Dalsingh Sarai,Bihār,25.668000,85.836400
1356851512,Damu,Bihār,26.546100,85.982000
1356461583,Dandkhora,Bihār,25.572900,87.647200
1356873543,Danwan,Bihār,25.529200,84.459800
1356642626,Daparkha,Bihār,26.129300,86.900400
1356924332,Dara,Bihār,26.154600,86.448300
1356110694,Darauli,Bihār,26.078100,84.131400
1356846195,Darbhanga,Bihār,26.170000,85.900000
1356640693,Darihat,Bihār,24.970200,84.231900
1356018565,Darmaha,Bihār,26.366300,84.931200
1356075097,Darpa,Bihār,26.840000,84.977400
1356408750,Darsur,Bihār,25.971100,85.914800
1356614765,Darwa,Bihār,25.669000,85.646100
1356175077,Dasaut,Bihār,25.899700,86.096400
1356627031,Dasraha Bhograjpur,Bihār,25.569100,85.644100
1356104820,Datian,Bihār,25.437900,87.837800
1356047509,Datiana,Bihār,25.483400,84.862800
1356738424,Daudnagar,Bihār,25.030000,84.400000
1356016891,Dayalpur,Bihār,26.051100,84.596800
1356063075,Dayalpur Sapha,Bihār,25.712200,85.318800
1356452600,Dehri,Bihār,24.910000,84.180000
1356230002,Dehti,Bihār,26.211500,87.551300
1356131438,Deo,Bihār,24.656100,84.435600
1356653967,Deodha,Bihār,25.781500,86.134600
1356743912,Deokali,Bihār,25.906800,86.111100
1356888269,Deoria,Bihār,26.179100,85.023400
1356309525,Desri,Bihār,25.669100,85.408200
1356231194,Dewangarh,Bihār,24.863700,85.858400
1356067326,Dhabauli,Bihār,25.834600,86.805700
1356006454,Dhaka,Bihār,26.720000,85.330000
1356358314,Dhakaich,Bihār,25.583500,84.188600
1356001435,Dhamaun,Bihār,25.599900,85.547900
1356885272,Dhamdaha,Bihār,25.743500,87.183500
1356042628,Dhamsain,Bihār,26.093800,86.254100
1356510835,Dhanauli,Bihār,26.002600,86.025100
1356815392,Dhanaura,Bihār,25.190500,87.259500
1356013044,Dhanga,Bihār,26.463000,86.045200
1356219560,Dhangaraha,Bihār,26.020400,84.702300
1356819972,Dhanupra,Bihār,25.699200,86.471600
1356024870,Dharampur Bande,Bihār,25.660900,85.574200
1356971216,Dharawat,Bihār,25.059200,85.042000
1356980037,Dharhara,Bihār,25.254300,86.403000
1356892006,Dharhwa,Bihār,26.910400,84.276900
1356009147,Dharphari,Bihār,26.150100,84.956400
1356362943,Dhauni,Bihār,24.990100,87.001100
1356044824,Dhobauli,Bihār,25.400800,86.188500
1356109429,Dholbaja,Bihār,26.267400,87.276100
1356150069,Dhorgaon,Bihār,25.954500,86.893300
1356172124,Dhumnagar,Bihār,26.756000,84.523300
1356095493,Dhusar Tikapatti,Bihār,25.521400,87.221200
1356933760,Dhutauli,Bihār,25.527400,86.625000
1356094419,Dibraghani,Bihār,25.826100,87.066400
1356130466,Dighaun,Bihār,25.554900,86.809700
1356125108,Dighwa,Bihār,26.243700,84.753200
1356011381,Dighwara,Bihār,25.744300,85.010000
1356069789,Dihri,Bihār,25.379600,85.537600
1356946822,Dilarpur,Bihār,25.396800,87.596900
1356729186,Dinapore,Bihār,25.622500,85.041700
1356483718,Dinara,Bihār,25.250000,84.066700
1356756110,Dinmanpur,Bihār,25.911200,85.928800
1356354332,Dip,Bihār,26.236900,86.310700
1356424924,Dobhawan,Bihār,25.398700,85.785600
1356946301,Dohta,Bihār,26.286400,88.256400
1356739647,Doria Sonapur,Bihār,26.183000,87.387300
1356099112,Dudhpura,Bihār,25.796400,86.118900
1356718086,Dumaria,Bihār,26.765200,84.396400
1356154118,Dumra,Bihār,26.567100,85.520400
1356621212,Dumraon,Bihār,25.552600,84.151500
1356150568,Dumri,Bihār,25.535600,85.599600
1356070773,Ekamba,Bihār,25.968900,87.574100
1356331561,Ekangar Sarai,Bihār,25.223400,85.229800
1356587398,Ekchari,Bihār,25.209300,87.215900
1356203834,Ekhari,Bihār,26.524600,86.307100
1356937137,Ekma,Bihār,25.967000,84.538300
1356073073,Ekwari,Bihār,25.283300,84.583300
1356012077,Eraura,Bihār,24.613000,84.455500
1356664955,Fateha,Bihār,25.607300,85.866900
1356317360,Fatehabad,Bihār,26.065200,84.972200
1356353116,Fatehpur,Bihār,25.508900,85.193900
1356643104,Fatehpur Bala,Bihār,25.833800,85.692800
1356045506,Fatehpur Shahbaz,Bihār,25.569800,85.343700
1356835845,Fatwa,Bihār,25.509600,85.305000
1356077404,Forbesganj,Bihār,26.300000,87.265000
1356798199,Gadaul,Bihār,26.128700,86.237500
1356080800,Gainrha,Bihār,25.991600,87.464800
1356575861,Gajhara,Bihār,26.523700,86.371500
1356708272,Gamail,Bihār,25.706200,86.991400
1356236390,Gamharia,Bihār,25.897300,86.655000
1356429813,Ganeshpur,Bihār,25.767800,87.358700
1356672685,Gangania,Bihār,25.239500,86.653600
1356374719,Gangapur,Bihār,25.513600,86.895700
1356935991,Gangapur Athar,Bihār,25.821400,85.712300
1356943915,Gangaur,Bihār,26.566600,85.882100
1356031692,Gangaura Behra,Bihār,25.954100,86.548200
1356122000,Garaimari,Bihār,24.021700,88.626300
1356003299,Garh Sisai,Bihār,25.625300,85.788700
1356014568,Garhara,Bihār,25.440700,85.998300
1356108293,Garhi,Bihār,24.790400,86.076800
1356108641,Garhpura,Bihār,25.663800,86.181800
1356169350,Garkha,Bihār,25.829300,84.861700
1356075658,Gaundra,Bihār,26.368300,85.003600
1356861053,Gaura,Bihār,25.496100,85.970900
1356656974,Gaurdah,Bihār,25.709700,86.557000
1356507751,Gaurihar Khaliqnagar,Bihār,25.935600,85.467100
1356045727,Gaya,Bihār,24.750000,85.010000
1356285960,Gayaspur,Bihār,25.921700,84.439900
1356427282,Gethaura,Bihār,25.687900,87.709200
1356094108,Ghanipur Bejha,Bihār,25.928100,85.554800
1356014177,Ghataro Chaturbhuj,Bihār,25.814600,85.186200
1356933658,Ghatawan,Bihār,25.096800,83.726600
1356994830,Ghogardiha,Bihār,26.279900,86.470000
1356255864,Ghorbanki,Bihār,26.569700,86.048400
1356528094,Ghordaur,Bihār,25.708900,86.612000
1356287929,Ghosai,Bihār,25.556200,87.030400
1356492760,Ghosrawan,Bihār,25.091000,85.578000
1356568613,Ghoswari,Bihār,25.468700,85.496400
1356612578,Ghusiya,Bihār,25.183200,84.248600
1356142284,Gidha,Bihār,26.050700,86.817600
1356928491,Goasi,Bihār,25.764300,87.415500
1356100404,Gobardhanpur Kanap,Bihār,25.068200,84.524100
1356422757,Goh,Bihār,24.984500,84.649800
1356334298,Gohi Bishunpur,Bihār,25.927500,85.862600
1356131175,Gohuma Bairia,Bihār,26.393800,86.397600
1356020304,Gokhulapur,Bihār,26.247900,87.113700
1356145038,Golakpur,Bihār,25.177700,85.072800
1356557260,Gonghaur,Bihār,26.434600,86.216000
1356098593,Gopalganj,Bihār,26.470000,84.430000
1356544718,Gopalpur,Bihār,26.131700,84.359400
1356053028,Gorha,Bihār,26.226700,86.934900
1356026819,Goriar,Bihār,25.551300,87.204600
1356422615,Gosaingaon,Bihār,25.372400,87.104900
1356085735,Gothini,Bihār,26.162600,84.037900
1356968267,Guabari,Bihār,26.151100,88.162300
1356025076,Gulam,Bihār,25.796500,86.741600
1356239988,Gulni,Bihār,24.930900,85.803000
1356349640,Gunri,Bihār,25.640800,84.658000
1356800402,Guria,Bihār,26.163300,86.964500
1356942831,Gurmaila,Bihār,25.482900,87.349000
1356936952,Gurmia,Bihār,25.819000,85.229500
1356051308,Gurwalia Biswas,Bihār,26.837200,84.468700
1356014808,Hajipur,Bihār,25.692500,85.208400
1356127903,Hakka,Bihār,25.916300,87.647400
1356711540,Hansa,Bihār,26.091100,87.308900
1356661144,Hardas Bigha,Bihār,25.499400,85.355100
1356259959,Hardi,Bihār,26.078500,86.680900
1356109078,Hardia,Bihār,26.618400,84.885700
1356623387,Hardiya,Bihār,26.944300,84.854200
1356903372,Harewa,Bihār,25.683100,86.590900
1356006462,Hargawan,Bihār,25.142800,85.565200
1356591124,Harihans,Bihār,26.145700,84.347600
1356851777,Haripur,Bihār,26.258000,87.242000
1356150964,Harlakhi,Bihār,26.635300,85.984200
1356612986,Harpur,Bihār,26.452700,86.071000
1356635928,Harpur Bhindi,Bihār,25.774600,85.656300
1356046078,Harpur Bochaha,Bihār,25.591900,85.751700
1356042020,Harpur Pusa,Bihār,25.966700,85.666700
1356412471,Harri,Bihār,26.323800,86.297500
1356955157,Harsinghpur,Bihār,26.050400,86.218000
1356626949,Hasanpur,Bihār,26.114700,87.231900
1356120153,Hasanpur Juned,Bihār,25.591500,85.523800
1356002753,Hasanpura,Bihār,26.075100,84.361800
1356689751,Hata,Bihār,25.046000,83.463200
1356721754,Hathapur,Bihār,26.560900,86.024700
1356725873,Hathaura,Bihār,26.174400,84.329400
1356107222,Hathauri,Bihār,25.959300,85.974700
1356891728,Hathiakan,Bihār,25.606000,84.999700
1356151591,Hathiaundha,Bihār,25.722300,86.997200
1356437155,Hathidah Buzurg,Bihār,25.371600,85.985700
1356054419,Hathwan,Bihār,25.667200,86.399900
1356100986,Havi Bhauar,Bihār,26.109100,86.105900
1356986686,Hazrat Shiura,Bihār,25.597600,85.611900
1356270380,Hetanpur,Bihār,25.582100,85.549500
1356503158,Hilsa,Bihār,25.320000,85.280000
1356254192,Hirni,Bihār,25.832300,86.280600
1356224432,Hisar,Bihār,26.549500,85.940600
1356104630,Hisua,Bihār,24.833600,85.417300
1356133187,Huseni,Bihār,26.376800,84.795200
1356065558,Husepur,Bihār,26.460900,84.169900
1356496458,Hussepur,Bihār,26.180100,84.940800
1356811927,Ijra,Bihār,26.311900,86.003700
1356049165,Ikhlaspur,Bihār,25.058900,83.608300
1356083007,Isapur,Bihār,25.412200,86.989300
1356357667,Islampur,Bihār,25.140700,85.205900
1356461115,Ismailpur,Bihār,25.311300,87.127000
1356141383,Israin Kalan,Bihār,25.984400,87.037200
1356464933,Isua,Bihār,25.233000,85.843000
1356254245,Itahri,Bihār,25.313000,86.545900
1356098572,Itarhi,Bihār,25.483200,84.012900
1356747886,Jadia,Bihār,26.093700,86.985200
1356833050,Jadopur Shukul,Bihār,26.525000,84.434100
1356698623,Jadupatti,Bihār,26.118600,86.311400
1356148899,Jagannathpur,Bihār,25.657300,87.588600
1356158599,Jagatpur,Bihār,26.373800,86.050900
1356751845,Jagdishpur,Bihār,26.152600,86.114600
1356873599,Jagdispur,Bihār,25.467400,84.420400
1356064701,Jagta,Bihār,26.132100,87.191100
1356313025,Jahangirpur Salkhani,Bihār,25.833500,85.479500
1356592786,Jaipur Chuhar,Bihār,25.418700,86.835200
1356757347,Jaisinghpur,Bihār,26.631800,84.785500
1356034927,Jaitpur,Bihār,25.913200,84.573000
1356153368,Jalalpur,Bihār,26.043300,84.504100
1356021966,Jale,Bihār,26.380000,85.720000
1356999738,Jalkaura,Bihār,25.503400,86.367100
1356041298,Jalpura,Bihār,25.486200,84.737000
1356530461,Jamalpur,Bihār,25.300000,86.500000
1356116292,Jamhor,Bihār,24.848600,84.325800
1356352296,Jamhra,Bihār,25.777700,86.789900
1356641384,Jamira,Bihār,25.553500,84.706300
1356724915,Jamsaut,Bihār,25.610000,85.014800
1356076412,Jamui,Bihār,24.920000,86.220000
1356208773,Jamunia,Bihār,25.367600,87.047700
1356136854,Jankinagar,Bihār,25.895500,87.066800
1356916147,Janpur,Bihār,25.295800,84.878900
1356630186,Jasauli,Bihār,26.499600,84.817100
1356861586,Jasauli Patti,Bihār,26.491200,84.881800
1356251351,Jawkatia,Bihār,26.730800,84.626300
1356588241,Jaynagar,Bihār,26.583300,86.150000
1356530279,Jethuli,Bihār,25.537800,85.284100
1356269615,Jhagarua,Bihār,26.005900,86.349600
1356238710,Jhakhra,Bihār,25.752800,85.747400
1356240717,Jhandapur,Bihār,25.399500,86.947900
1356323325,Jhanjharpur,Bihār,26.264700,86.279900
1356368167,Jhaua,Bihār,25.625000,84.516100
1356940760,Jhitkahiya,Bihār,26.786000,84.885800
1356249136,Jhundo,Bihār,24.775600,86.247300
1356725284,Jianganj,Bihār,25.866100,87.261200
1356059694,Jirwa,Bihār,26.006400,86.860400
1356058799,Jitpur,Bihār,26.814900,84.957800
1356211137,Jitwarpur Chauth,Bihār,25.849900,85.807400
1356139201,Jitwarpur Kumhra,Bihār,25.785200,85.704400
1356394181,Jitwarpur Nizamat,Bihār,25.848900,85.800600
1356420456,Jiwachhpur,Bihār,26.312000,87.040500
1356256953,Jogaili,Bihār,25.909600,87.406100
1356464438,Jogbani,Bihār,26.402400,87.265600
1356068425,Jogiara,Bihār,26.408300,85.750000
1356203688,Jurawanpur Karari,Bihār,25.527300,85.418200
1356141047,Kabira,Bihār,25.689700,86.485200
1356970212,Kabirpur,Bihār,26.266100,84.205000
1356111287,Kachnar,Bihār,25.969900,84.358900
1356036353,Kadrabad,Bihār,25.579300,85.947500
1356558904,Kadwa,Bihār,25.031600,84.092400
1356868723,Kahla,Bihār,26.374700,84.543300
1356743248,Kaith,Bihār,25.477600,86.200100
1356387063,Kaithahi,Bihār,26.348800,86.152100
1356861595,Kaithinia,Bihār,26.231700,86.281700
1356111306,Kaithwar,Bihār,26.167800,86.257500
1356662670,Kajha,Bihār,25.774700,87.354500
1356280293,Kajhi Hridenagar,Bihār,25.932000,87.217900
1356236484,Kajur,Bihār,24.876800,85.292000
1356098838,Kakan,Bihār,26.150900,87.567400
1356818795,Kako,Bihār,25.225900,85.064200
1356799355,Kakraul,Bihār,26.362000,86.013900
1356586478,Kala Diara,Bihār,25.509200,85.448000
1356008941,Kaler,Bihār,25.118000,84.495500
1356786428,Kaleyanpur,Bihār,26.429700,84.932700
1356403754,Kalikapur,Bihār,26.495600,86.089000
1356695468,Kalyanpur,Bihār,26.480200,84.178900
1356924823,Kalyanpur Bamaiya,Bihār,25.714000,85.921200
1356728932,Kamrawan,Bihār,25.695600,85.838000
1356328118,Kamtaul,Bihār,26.328000,85.823800
1356197058,Kanchanpur,Bihār,24.609600,84.236100
1356260723,Kanhai,Bihār,25.976100,86.289800
1356509493,Kanhaipur,Bihār,25.454200,85.839600
1356710094,Kanhauli,Bihār,26.481500,86.187600
1356255350,Kanhauli Manohar,Bihār,25.975500,84.685300
1356110601,Kanp,Bihār,25.833700,86.740200
1356137612,Kantai,Bihār,26.214200,85.297500
1356794248,Kapasiawan,Bihār,25.278300,85.286900
1356075952,Karahia,Bihār,26.405400,86.149000
1356285122,Karariya,Bihār,26.524900,84.791000
1356114380,Karath,Bihār,25.201000,84.367200
1356190947,Karaund,Bihār,25.974100,86.234300
1356215234,Kargahia Purab,Bihār,26.788700,84.529800
1356462654,Karghar,Bihār,25.126700,83.927400
1356125443,Karian,Bihār,25.859400,86.010400
1356908596,Karmauli,Bihār,26.450200,86.103300
1356646949,Karmegh,Bihār,26.530700,86.426300
1356115524,Karor,Bihār,25.601800,86.093000
1356770910,Karpi,Bihār,25.161200,84.729900
1356648905,Karsaut,Bihār,26.129800,84.482500
1356048820,Kasap,Bihār,25.470200,84.608700
1356199609,Kasba,Bihār,25.856400,87.538400
1356500077,Kasba Maker,Bihār,25.959100,85.031600
1356221445,Kataha,Bihār,26.715900,84.942400
1356759834,Katahra,Bihār,26.223500,87.064300
1356127564,Katakos,Bihār,25.333900,87.671500
1356347340,Katalpur,Bihār,26.225500,84.760800
1356955745,Katarmala,Bihār,25.503600,86.244700
1356099841,Katihar,Bihār,25.530000,87.580000
1356557772,Katridih,Bihār,25.082900,85.633400
1356471673,Katuria,Bihār,24.747600,86.720500
1356077753,Kaua Kol,Bihār,24.844700,85.886700
1356037434,Kaunra,Bihār,25.523100,84.557500
1356863660,Kaurihar,Bihār,26.965000,84.846200
1356024494,Kauriya,Bihār,26.151700,84.694800
1356988570,Keal,Bihār,25.121800,84.632400
1356045259,Kenar,Bihār,25.291600,85.741600
1356600940,Keora,Bihār,25.437400,85.072600
1356477994,Keota,Bihār,25.644000,85.828700
1356627543,Kerai,Bihār,25.751000,85.858600
1356952946,Kerap,Bihār,24.833200,84.614000
1356027855,Kesariya,Bihār,26.365000,84.873000
1356645932,Kesath,Bihār,25.420800,84.241400
1356255463,Kewatgawan,Bihār,25.801200,86.322900
1356254291,Khagaria,Bihār,25.502200,86.467100
1356155902,Khagaul,Bihār,25.579000,85.045600
1356107760,Khagaur,Bihār,25.174400,86.102100
1356119136,Khagra,Bihār,25.351100,87.062400
1356070540,Khair Khan,Bihār,26.272700,87.303700
1356244858,Khaira,Bihār,26.343300,87.147600
1356404750,Khaira Tola,Bihār,26.895800,84.140300
1356544502,Khajuri,Bihār,25.914400,86.677200
1356610215,Khandaich,Bihār,24.851100,86.239500
1356219557,Khangaon,Bihār,25.514600,84.752800
1356018473,Khanjahanpur,Bihār,25.605500,86.092700
1356667678,Khanpur,Bihār,25.857200,85.933000
1356963358,Khanpur Khairanti,Bihār,26.145600,84.333400
1356898004,Khapdeh,Bihār,26.270600,87.199300
1356020871,Kharagbani,Bihār,26.485200,86.307300
1356238766,Kharagpur,Bihār,25.124500,86.555800
1356834681,Kharahara,Bihār,24.914200,87.000600
1356788245,Kharik,Bihār,25.367900,87.002600
1356353027,Kharika,Bihār,25.717300,85.125600
1356846338,Khaspur,Bihār,25.646600,84.993600
1356544716,Khawaspur,Bihār,26.233100,84.638800
1356473041,Khem Karan Saray,Bihār,25.123300,84.811700
1356956123,Khirhar,Bihār,26.516800,85.961800
1356527725,Khiria,Bihār,25.604700,87.457800
1356279097,Khiriawan,Bihār,25.112000,84.401700
1356887547,Khokha,Bihār,25.974100,87.406200
1356182138,Khoragachhi,Bihār,26.334400,87.541100
1356129700,Khundawandpur,Bihār,25.668900,86.036300
1356144139,Khunti Dhanaili,Bihār,25.937600,87.379000
1356693412,Khuran Milik,Bihār,25.600000,86.867900
1356005731,Khusropur,Bihār,25.481700,85.384900
1356645470,Khutaha,Bihār,25.264500,86.059800
1356005732,Khutauna,Bihār,26.496900,86.395900
1356618371,Khutha Baijnath,Bihār,26.026800,87.117000
1356670551,Kingri,Bihār,25.632600,86.691100
1356125591,Kiratpur Rajaram,Bihār,25.856000,85.285000
1356127495,Kishanganj,Bihār,26.079400,87.937200
1356060129,Kishanpur Ratwara,Bihār,25.482200,86.851100
1356241529,Kishundaspur,Bihār,25.333400,87.331800
1356155445,Kishunpur,Bihār,25.327200,87.717300
1356562270,Kita Chauhattar,Bihār,25.677000,84.872000
1356861671,Koath,Bihār,25.326400,84.259800
1356971981,Koch,Bihār,24.925900,84.772400
1356055255,Kochas,Bihār,25.234000,83.921500
1356173991,Kochgawan,Bihār,25.043100,85.627900
1356937599,Koelwar,Bihār,25.580500,84.797500
1356525976,Koila,Bihār,25.455000,86.771000
1356744175,Koila Belwa,Bihār,26.375300,84.998600
1356659730,Koila Dewa,Bihār,26.407900,84.196200
1356743184,Koilakh,Bihār,26.335800,86.201000
1356758777,Koili Simra,Bihār,25.471400,87.217500
1356417149,Koini,Bihār,26.422600,84.514700
1356151383,Kolwara,Bihār,25.353800,86.770000
1356793391,Konand,Bihār,25.172900,85.684200
1356133392,Kopa,Bihār,25.851300,84.630800
1356635280,Korahia,Bihār,26.532500,86.155200
1356690638,Koriapatti,Bihār,26.114900,86.990500
1356731362,Koskapur,Bihār,26.021600,87.227900
1356385426,Kothia,Bihār,25.761200,84.881100
1356006996,Kotia,Bihār,26.275000,86.053200
1356235036,Kotwapatti Rampur,Bihār,25.715300,84.806300
1356475129,Kuchai Kot,Bihār,26.555900,84.329200
1356855561,Kudra,Bihār,25.046300,83.792600
1356149801,Kujri,Bihār,26.239200,87.636600
1356450389,Kukraun,Bihār,25.685800,87.163800
1356216013,Kulharia,Bihār,25.338200,86.761200
1356386794,Kumar Khad,Bihār,26.591800,86.264000
1356109646,Kumari,Bihār,25.656400,87.711200
1356335845,Kumaripur,Bihār,25.442500,87.621700
1356116299,Kumharsan,Bihār,25.642100,86.197100
1356126969,Kundal,Bihār,25.762000,86.208100
1356384326,Kurhani,Bihār,25.980300,85.337400
1356149795,Kursaha,Bihār,25.558800,85.687500
1356034976,Kurwa Mathia,Bihār,26.857200,84.505800
1356500868,Kusaha,Bihār,26.207700,86.958700
1356166384,Kusmaul,Bihār,26.191100,87.131100
1356358917,Kusumha,Bihār,25.185900,85.923400
1356158425,Labhgaon,Bihār,25.506200,86.389900
1356083378,Lachhmipur,Bihār,25.524800,87.366700
1356140452,Lagunia Raghukanth,Bihār,25.819500,85.772500
1356706931,Lagunia Surajkanth,Bihār,25.830400,85.788700
1356708403,Laheji,Bihār,26.095700,84.400900
1356784795,Lakhaura,Bihār,26.752200,84.964700
1356101691,Lakhminia,Bihār,25.412600,86.325300
1356187398,Lakhna,Bihār,25.453200,85.143100
1356600590,Lakhnaur,Bihār,26.202000,86.309000
1356041399,Lakho,Bihār,25.411300,86.179200
1356122530,Lakri,Bihār,26.232300,84.693300
1356027316,Lalganj,Bihār,25.870000,85.180000
1356083821,Lalmunia Munhara,Bihār,26.574100,86.401200
1356210955,Lalsaraia,Bihār,26.738800,84.660700
1356753749,Latauna,Bihār,26.091200,86.880900
1356175529,Lathasepura,Bihār,25.813100,85.718000
1356329867,Laualagaon,Bihār,25.494000,87.041200
1356259512,Laukaha,Bihār,26.033600,86.647100
1356037772,Laukaria,Bihār,26.718400,84.424200
1356535234,Lauriya Nandangarh,Bihār,26.983300,84.400000
1356631096,Leama,Bihār,26.214000,85.998000
1356928729,Lehara,Bihār,26.151500,86.103400
1356743921,Lodhwe,Bihār,24.640400,85.291300
1356078372,Lohiyar Ujain,Bihār,26.628400,84.745200
1356147832,Lohna,Bihār,26.231400,86.209500
1356577828,Lolokhur,Bihār,26.413600,87.401200
1356996555,Luathaha,Bihār,26.631600,84.907900
1356958915,Luckeesarai,Bihār,25.167800,86.094400
1356587870,Lulhaul,Bihār,25.878700,86.138600
1356082917,Madanpur,Bihār,26.210300,87.514100
1356584341,Madhepur,Bihār,26.177500,86.378300
1356220190,Madhipura,Bihār,25.920000,86.792000
1356328255,Madhopur,Bihār,25.345300,85.392500
1356860498,Madhopur Hazari,Bihār,26.262300,84.899500
1356095720,Madhuban,Bihār,26.438600,85.135700
1356297417,Madhuban Bediban,Bihār,26.506200,84.995100
1356042500,Madhubani,Bihār,26.370000,86.080000
1356925430,Madhura,Bihār,26.338800,87.102700
1356863895,Madhurapur,Bihār,25.945600,85.975900
1356326498,Madna,Bihār,26.396300,86.388400
1356373720,Maghra,Bihār,25.190300,85.492100
1356636432,Mahalgaon,Bihār,26.046600,87.577400
1356708030,Mahamda,Bihār,25.810800,84.787400
1356944079,Maharajgani,Bihār,26.107500,84.502500
1356257310,Mahesh Khunt,Bihār,25.450000,86.633300
1356216646,Maheshram,Bihār,25.287400,87.412400
1356277915,Maheswa,Bihār,25.971800,86.855000
1356035553,Mahinathpur,Bihār,26.655400,86.067400
1356496348,Mahinawan,Bihār,26.020800,86.167200
1356055064,Mahisanrh,Bihār,25.735800,85.581800
1356260002,Mahisi,Bihār,25.854000,86.469000
1356967057,Mahmuda,Bihār,25.053100,85.266200
1356728004,Mahrail,Bihār,26.295200,86.276300
1356428225,Mahtha,Bihār,26.598800,86.315800
1356868461,Mahthi,Bihār,25.728100,86.009300
1356216886,Mahuwa Singhrai,Bihār,25.816800,85.385300
1356792222,Maida Babhangawan,Bihār,25.479300,86.066900
1356004737,Mairwa,Bihār,26.232200,84.163500
1356269146,Majarhat,Bihār,25.965400,86.812600
1356069313,Majhariya,Bihār,26.869600,84.877100
1356452440,Majhariya Sheikh,Bihār,26.735600,84.642000
1356299488,Majhaul,Bihār,25.557000,86.128000
1356856387,Majhaulia,Bihār,25.963500,85.573800
1356153023,Majhua,Bihār,26.014000,87.301800
1356734218,Majra,Bihār,25.713100,87.363700
1356897478,Majurwa,Bihār,26.103600,86.919300
1356353555,Makhar,Bihār,25.769300,86.602500
1356751511,Makhdumpur,Bihār,25.072000,84.973000
1356254961,Malar,Bihār,26.223700,86.690900
1356022894,Maldah,Bihār,25.174000,85.759900
1356005982,Malepur,Bihār,24.974000,86.255500
1356075329,Malhipur,Bihār,25.406900,86.023400
1356018726,Mali,Bihār,25.126900,84.708400
1356508577,Malinagar,Bihār,25.996700,85.686300
1356422505,Malingaon,Bihār,26.546700,88.333700
1356381290,Malmal,Bihār,26.483300,86.050000
1356743964,Mamobihat,Bihār,26.146600,86.174700
1356935859,Maner,Bihār,25.650000,84.880000
1356922197,Mangalpur Gudaria,Bihār,26.651300,84.483200
1356198414,Manganj,Bihār,26.138800,86.994400
1356597404,Mangarwara,Bihār,26.011900,87.085400
1356256270,Mangobandar,Bihār,24.816200,86.270900
1356236350,Mangrauni,Bihār,26.366700,86.083300
1356315968,Mangrawan,Bihār,25.092900,84.391200
1356002043,Manihari,Bihār,25.350000,87.630000
1356741877,Manikpur,Bihār,25.910000,86.821000
1356303015,Manjha,Bihār,26.406100,84.500200
1356427473,Manjhi,Bihār,25.838400,84.578800
1356527351,Manpaur,Bihār,26.508100,85.947800
1356085194,Manrar,Bihār,25.889500,85.064300
1356029587,Mansapur,Bihār,26.526200,86.410100
1356678788,Mansingha,Bihār,26.780700,84.836700
1356151886,Mansinghpur Bijrauli,Bihār,25.755200,85.509900
1356760132,Manullahpatti,Bihār,26.061900,87.175100
1356976484,Maqsuda,Bihār,26.241000,86.058500
1356126281,Maranchi,Bihār,25.354400,85.991900
1356063376,Maranga,Bihār,25.759200,87.466500
1356773473,Marar,Bihār,25.539200,86.507400
1356673491,Marauatpur,Bihār,25.616500,85.468500
1356757677,Marhaura,Bihār,25.970000,84.870000
1356620444,Marui,Bihār,24.863900,85.633800
1356169083,Marwa,Bihār,25.399400,86.925700
1356553453,Masar,Bihār,25.557700,84.576700
1356191575,Masaurhi Buzurg,Bihār,25.350000,85.020000
1356331489,Masdi,Bihār,25.244100,86.723300
1356006359,Masrakh,Bihār,26.105400,84.802600
1356480907,Mataili Khemchand,Bihār,25.561200,87.168500
1356692789,Math Lohiyar,Bihār,26.624700,84.707200
1356232165,Mathila,Bihār,25.471500,84.143800
1356304907,Mathurapur,Bihār,25.511200,86.455700
1356735230,Matihani,Bihār,25.359500,86.182600
1356614082,Mau Dhaneshpur,Bihār,25.589900,85.833700
1356064336,Mauji,Bihār,25.658500,86.231300
1356324800,Meghaul,Bihār,25.640000,86.020000
1356322048,Meghauna,Bihār,25.690400,86.380900
1356257787,Mehdipur,Bihār,25.390200,86.732400
1356095450,Mehsari,Bihār,25.755400,85.847700
1356317314,Mekra,Bihār,25.470500,85.840600
1356096686,Mianpur Dubauli,Bihār,26.738100,84.466100
1356003414,Mirdaul,Bihār,26.236300,87.097100
1356157202,Mirganj,Bihār,26.363800,84.364000
1356049421,Mirzanagar,Bihār,25.772600,85.380400
1356332156,Mirzapur,Bihār,26.161600,87.234900
1356221817,Mocharim,Bihār,24.679400,84.990500
1356053654,Mohan Eghu,Bihār,25.400200,86.145000
1356472952,Mohania,Bihār,25.169200,83.619200
1356241175,Mohanpur,Bihār,25.562000,85.591700
1356309943,Mohanpur Gaughata,Bihār,25.334500,87.340400
1356273490,Mohiuddinnagar,Bihār,25.742800,86.081200
1356053965,Mokameh,Bihār,25.389800,85.919100
1356347629,Mokarrampur,Bihār,26.217600,86.043300
1356116664,Mokri,Bihār,25.018400,83.563300
1356280102,Monghyr,Bihār,25.381000,86.465000
1356515710,Morauna,Bihār,26.170600,86.423100
1356981678,Morsand,Bihār,25.933500,85.698000
1356948753,Morwa,Bihār,25.803000,85.686100
1356540032,Mothihari,Bihār,26.650000,84.916700
1356349446,Motipur,Bihār,25.815900,86.014000
1356077001,Muhammadganj,Bihār,26.150600,87.079200
1356259046,Mukhtarpur Salkani,Bihār,25.664300,85.778400
1356112432,Muradpur,Bihār,25.800000,86.005500
1356259530,Murajpur,Bihār,25.950600,86.471300
1356124802,Murliganj,Bihār,25.900000,86.980000
1356952433,Musapur,Bihār,25.641700,87.415400
1356897425,Muzaffarpur,Bihār,26.122500,85.390600
1356155865,Nabinagar,Bihār,24.620000,84.120000
1356046214,Nagar Nahusa,Bihār,25.395900,85.343100
1356562948,Nagarpara,Bihār,25.415500,86.883200
1356070790,Naini,Bihār,25.832000,84.717900
1356679305,Nainijor,Bihār,25.681100,84.345600
1356073589,Nanan,Bihār,25.090500,85.503100
1356083295,Nandnawan,Bihār,25.078500,86.096000
1356232669,Nao Kothi,Bihār,25.519600,86.195400
1356992369,Narahia,Bihār,26.368100,86.543400
1356322684,Narhan,Bihār,25.694100,86.007400
1356762189,Narhat,Bihār,24.777400,85.423700
1356002213,Nari Bhadaun,Bihār,26.006500,86.250900
1356524403,Nariar,Bihār,25.887500,86.563200
1356844933,Naruar,Bihār,26.238800,86.239600
1356240406,Nasriganj,Bihār,25.050000,84.333300
1356092223,Nathpur,Bihār,26.326100,87.091600
1356254225,Nauagarhi,Bihār,25.344300,86.535800
1356566210,Naugachhia,Bihār,25.400000,87.100000
1356847951,Nauhata,Bihār,25.997100,86.488700
1356470171,Naula,Bihār,25.553500,86.063600
1356660130,Nautan Dube,Bihār,26.711800,84.503000
1356907104,Nawa Nagar Nizamat,Bihār,26.289500,84.935100
1356092302,Nawada,Bihār,24.880000,85.530000
1356758681,Nawada Gobindganj,Bihār,26.486800,84.656100
1356052987,Nawalpur,Bihār,26.936600,84.298500
1356908819,Nawanagar,Bihār,25.386100,84.206900
1356660309,Nayanagar,Bihār,25.746500,86.102700
1356795978,Neuri,Bihār,26.007600,86.184100
1356250535,Ninga,Bihār,25.461600,86.075700
1356802168,Nirakpurpali,Bihār,25.324400,84.811400
1356128831,Nirmali,Bihār,26.314000,86.585400
1356909778,Nirpur,Bihār,25.719200,87.150700
1356841424,Nohsa,Bihār,25.565300,85.055800
1356610662,Nokha,Bihār,25.101500,84.122800
1356116567,Nonea,Bihār,26.974600,84.876800
1356020439,Noniya,Bihār,26.676300,84.616300
1356681679,Obra,Bihār,24.891000,84.374200
1356064436,Olhanpur,Bihār,25.885500,84.818600
1356073746,Onda,Bihār,25.245200,85.665000
1356084957,Op,Bihār,25.209200,85.301900
1356119813,Pachahi,Bihār,26.193200,86.359700
1356289943,Pachauth,Bihār,25.576000,86.808300
1356099274,Pachmir,Bihār,25.407700,86.380300
1356336852,Pachrukha,Bihār,26.737300,84.886100
1356011237,Pachrukhi,Bihār,26.159300,84.408700
1356341482,Paduma,Bihār,26.576600,86.239400
1356129715,Paharpur,Bihār,25.568100,85.376300
1356908730,Pahsara,Bihār,25.548200,86.166700
1356830413,Pai Bigha,Bihār,25.051100,84.922600
1356504894,Paikpar,Bihār,26.096600,87.134900
1356441040,Paina,Bihār,25.540600,86.993900
1356753434,Painal,Bihār,25.590000,84.930400
1356359381,Paithan Kawai,Bihār,26.175500,86.068500
1356477129,Pakarya Harsidhi,Bihār,26.652600,84.719800
1356044870,Pakra,Bihār,25.371100,87.080700
1356095543,Pakri,Bihār,25.587600,85.158000
1356513036,Pakribarawan,Bihār,24.954000,85.737600
1356354969,Pali,Bihār,26.057600,86.309700
1356228622,Pama,Bihār,25.812200,86.847400
1356470796,Panapur,Bihār,25.672900,85.071500
1356404275,Panapur Langa,Bihār,25.723000,85.287800
1356134882,Panchi,Bihār,25.112300,85.632100
1356870725,Pandaul,Bihār,26.251700,86.074700
1356244823,Panhar,Bihār,25.093600,85.217600
1356127443,Panr,Bihār,25.688400,85.798000
1356617256,Panrepatti,Bihār,25.553700,83.977500
1356098101,Papraur,Bihār,25.441300,86.037800
1356107753,Pararia,Bihār,25.649200,86.750100
1356008620,Parasbani,Bihār,25.824900,87.298300
1356192130,Parauli,Bihār,26.222700,84.704200
1356258365,Parbata,Bihār,25.319500,86.721200
1356020298,Pareo,Bihār,25.558200,84.801700
1356541851,Parihara,Bihār,25.537800,86.272800
1356334490,Pariharpur,Bihār,26.711400,85.679700
1356677833,Pariyari,Bihār,25.212800,84.782900
1356113169,Parjuar,Bihār,26.483600,86.004700
1356613429,Parmanpur,Bihār,26.145700,87.312200
1356013365,Parora,Bihār,25.802200,87.403200
1356730583,Parsa,Bihār,26.002100,84.597900
1356321106,Parsad,Bihār,26.158600,86.357900
1356182729,Parsagarhi,Bihār,26.093500,87.067200
1356796108,Parsahi Sirsia,Bihār,26.467600,86.498400
1356462121,Partap Tanr,Bihār,25.889700,85.255100
1356507539,Partapnagar,Bihār,25.414500,87.078700
1356823574,Parwaha,Bihār,26.233600,87.219700
1356493261,Pasaul,Bihār,26.264700,85.675600
1356184280,Pasraha,Bihār,25.397300,86.703400
1356823857,Pastpar,Bihār,25.827500,86.832700
1356933920,Pataili,Bihār,25.787200,85.831600
1356703536,Patalia,Bihār,25.660000,86.006600
1356037226,Pathra,Bihār,24.880400,87.044700
1356002589,Pathraha,Bihār,26.433000,87.074300
1356256032,Pathrajolhania,Bihār,26.136900,86.661400
1356081104,Patilar,Bihār,27.036100,84.210600
1356153786,Patjirwa,Bihār,26.808400,84.384700
1356821429,Patna,Bihār,25.600000,85.100000
1356159847,Patori,Bihār,25.966500,86.547100
1356549985,Patpara,Bihār,26.432800,86.191600
1356316787,Patsanda,Bihār,24.858000,86.300800
1356012603,Patut,Bihār,25.465800,84.814000
1356588174,Paura Madan Singh,Bihār,25.791700,85.233300
1356260894,Pelagor,Bihār,25.599200,87.721400
1356575739,Phaphot,Bihār,25.681700,86.006900
1356014460,Pharaha,Bihār,24.852200,85.547100
1356487358,Pharkia,Bihār,25.938400,87.403400
1356310414,Phulaut,Bihār,25.511400,86.937500
1356746186,Phulgachhi,Bihār,26.327300,88.279200
1356399438,Phulhara,Bihār,25.893700,86.130000
1356885563,Phulmalik,Bihār,25.413200,86.425500
1356118381,Phulparas,Bihār,26.354900,86.490800
1356125360,Phulwar,Bihār,26.814800,84.843000
1356889067,Phulwaria,Bihār,25.469700,85.984700
1356105629,Pilich,Bihār,25.237900,85.348300
1356587810,Pinjranwan,Bihār,25.170200,84.820300
1356781644,Pipariya,Bihār,25.259300,86.114900
1356038332,Pipra,Bihār,26.346000,87.291600
1356942595,Pipra Dewas,Bihār,25.463600,86.023600
1356257799,Pipra Latif,Bihār,25.357900,86.717400
1356542141,Pipra Naurangia,Bihār,26.859100,84.432800
1356086447,Piprahi,Bihār,26.587100,86.377300
1356858835,Pipraun,Bihār,26.599000,85.935600
1356019955,Pir Maker,Bihār,25.962200,85.025700
1356851216,Pirnagar,Bihār,25.598200,86.717800
1356786496,Piro,Bihār,25.330000,84.420000
1356427798,Pirojgarh,Bihār,26.276900,86.438900
1356101561,Piru,Bihār,25.100900,84.558300
1356449995,Pithaura,Bihār,26.262000,87.098300
1356647423,Pohadi,Bihār,26.080900,86.283100
1356169127,Pokhraira,Bihār,26.071100,85.203400
1356518614,Pokhram,Bihār,25.935800,86.197400
1356317852,Pothia,Bihār,25.541300,87.263700
1356365373,Punarakh,Bihār,25.493000,85.805400
1356375658,Pupri,Bihār,26.470800,85.703100
1356712534,Puraini,Bihār,25.142600,86.979700
1356486511,Purnea,Bihār,25.778000,87.476000
1356602949,Pursa,Bihār,26.301900,86.477800
1356603581,Qadirganj,Bihār,24.913800,85.592600
1356353293,Qutubpur,Bihār,25.627900,85.368400
1356030907,Rafiganj,Bihār,24.820000,84.650000
1356027685,Raghopur,Bihār,26.178500,86.089200
1356779063,Raghunathpur,Bihār,26.114500,87.159000
1356668204,Rahiar Kunchi,Bihār,25.862700,86.092400
1356130805,Rahika,Bihār,26.380300,86.020400
1356175788,Rahimpur,Bihār,25.489400,86.477400
1356881620,Rahta,Bihār,25.921300,86.973400
1356085595,Rahui,Bihār,25.272800,85.555500
1356246911,Raibari Mahuawa,Bihār,27.098000,84.296300
1356512738,Raibhir,Bihār,25.997800,86.878100
1356026079,Raipur,Bihār,25.422600,86.849800
1356843973,Raipur Buzurg,Bihār,25.711800,85.695600
1356586220,Raisari,Bihār,26.131900,87.023800
1356068979,Raitar,Bihār,25.057700,85.536600
1356921293,Raiyam,Bihār,26.270200,86.207100
1356105062,Raja Pakar,Bihār,25.735000,85.337600
1356490411,Rajauli,Bihār,24.644900,85.500300
1356003418,Raje,Bihār,26.221600,86.145400
1356488145,Rajepur,Bihār,25.537700,85.622800
1356754283,Rajghat Garail,Bihār,25.761800,87.212600
1356823690,Rajgir,Bihār,25.030000,85.420000
1356260361,Rajhanpur,Bihār,25.788500,86.464700
1356061146,Rajni,Bihār,25.813200,86.977200
1356396028,Rajpur,Bihār,25.076800,84.205500
1356756195,Rajpur Kalan,Bihār,25.679200,84.125900
1356451936,Rakhwari,Bihār,26.360300,86.288200
1356832174,Ramchandarpur,Bihār,25.236500,86.145900
1356818398,Ramdiri,Bihār,25.311800,86.102300
1356978414,Ramgarh,Bihār,25.288900,83.653500
1356607631,Ramgarha,Bihār,25.798300,84.959200
1356673115,Ramnagar,Bihār,27.170000,84.320000
1356143200,Ramnagar Bankat,Bihār,26.759500,84.612200
1356975268,Ramnagar Farsahi,Bihār,25.890400,87.128400
1356001751,Rampatti,Bihār,26.333300,86.150000
1356644862,Rampur,Bihār,26.212600,87.249100
1356241431,Rampur Jalalpur,Bihār,25.671200,85.860600
1356219195,Rampur Khajuriya,Bihār,26.392300,84.768800
1356087624,Rampur Kudarkatti,Bihār,26.067200,87.479500
1356181732,Rampur Parhat,Bihār,25.591600,87.162200
1356443783,Rampur Rajwa,Bihār,25.705700,86.178100
1356906624,Rampur Shamchand,Bihār,25.566400,85.328900
1356622862,Rampur Tilak,Bihār,25.851300,87.093000
1356556355,Rampurwa,Bihār,26.754400,84.711400
1356370005,Rangra,Bihār,25.380300,87.186600
1356670123,Rani,Bihār,25.556400,85.902100
1356090375,Rani Sagar,Bihār,25.607900,84.362600
1356333671,Rani Shakarpura,Bihār,25.553400,86.299200
1356290069,Ranko,Bihār,25.518100,86.489900
1356080533,Ranti,Bihār,26.351900,86.093200
1356589887,Rasauli,Bihār,26.127000,84.837800
1356970952,Rasaunk,Bihār,25.553700,86.511700
1356103361,Rasiari,Bihār,26.046400,86.347100
1356551207,Raspur Patasia,Bihār,25.561600,85.524500
1356027790,Rasulpur,Bihār,25.993800,85.893500
1356806028,Rasulpur Dhuria,Bihār,25.569300,87.037500
1356256699,Ratan,Bihār,25.434900,86.643200
1356259061,Ratanpur,Bihār,24.899600,86.288800
1356256011,Ratauli,Bihār,26.186100,86.710400
1356582103,Raun,Bihār,25.646200,86.386900
1356953319,Rautara,Bihār,25.663000,87.537800
1356205939,Raxaul,Bihār,26.983300,84.850000
1356255453,Reota,Bihār,25.819400,86.306100
1356423322,Revelganj,Bihār,25.780000,84.670000
1356134929,Rewahi,Bihār,26.269800,87.212400
1356883616,Rewtith,Bihār,26.285300,84.715500
1356112249,Rifadpur,Bihār,25.263500,87.415700
1356117708,Riga,Bihār,26.655300,85.442000
1356630941,Roh,Bihār,24.890500,85.675000
1356047202,Rohar,Bihār,25.991700,86.236600
1356347491,Rounia,Bihār,25.517900,87.399900
1356989496,Rukhae,Bihār,25.326900,85.372500
1356970583,Rupauli,Bihār,25.869500,87.060000
1356419529,Rusera,Bihār,25.760000,86.030000
1356881266,Rustampur,Bihār,25.570000,85.306100
1356258378,Saadatpur Aguani,Bihār,25.283000,86.741200
1356281848,Sabalpur,Bihār,25.605300,85.183500
1356113035,Sabaur,Bihār,25.242800,87.044600
1356509036,Sabnima,Bihār,25.458300,85.567000
1356262606,Sadhoa,Bihār,25.404900,87.198000
1356773141,Sadiqpur Maraul,Bihār,25.996600,85.577700
1356083174,Sadpur,Bihār,25.475800,86.378600
1356909913,Sagarpur,Bihār,26.230600,86.073200
1356836241,Sagauli,Bihār,26.783300,84.733300
1356938462,Saghar Sultanpur,Bihār,26.158300,84.757000
1356475122,Sahar,Bihār,26.540800,85.859000
1356460046,Saharbani,Bihār,25.720100,86.410000
1356492911,Saharsa,Bihār,25.880000,86.600000
1356054732,Sahasmal,Bihār,26.246100,87.498300
1356099280,Sahibpur Kamal,Bihār,25.416700,86.390100
1356212257,Sahidganj,Bihār,25.662700,87.097600
1356553966,Sahit,Bihār,25.588800,85.794800
1356535689,Saho,Bihār,25.971800,86.153700
1356278574,Sahoria Subhai,Bihār,25.902800,87.042100
1356140305,Sahpur,Bihār,25.703500,85.148300
1356756964,Sahri,Bihār,25.472100,85.727700
1356955844,Sahsaul,Bihār,25.702400,86.775800
1356965220,Sahtah,Bihār,25.856700,85.240700
1356771922,Sahuli,Bihār,26.111800,84.348500
1356521484,Sahuria,Bihār,25.819700,86.613200
1356316093,Saidabad,Bihār,25.548900,85.308700
1356110200,Saidpur,Bihār,25.543600,86.564000
1356771686,Saidpur Dabra,Bihār,25.320700,87.179300
1356504515,Sakaddi,Bihār,25.577100,84.755400
1356519554,Sakardih,Bihār,25.228000,85.354600
1356048948,Sakhmohan,Bihār,25.632500,85.985900
1356124673,Sakhua,Bihār,26.173400,86.762400
1356889301,Sakri,Bihār,26.219700,86.085300
1356102869,Saksohara,Bihār,25.363500,85.701300
1356242586,Salehpur,Bihār,25.611900,87.297300
1356639560,Salempur,Bihār,26.458800,84.651700
1356008658,Salimpur,Bihār,25.248000,86.234700
1356763766,Salkhua,Bihār,25.667700,86.600200
1356002044,Samahuta,Bihār,25.854200,84.661400
1356620327,Samai,Bihār,24.978800,85.586100
1356801161,Samastipur,Bihār,25.862900,85.781100
1356450322,Sambhu Chak,Bihār,26.408100,84.922700
1356908319,Sandalpur,Bihār,25.563900,87.508200
1356196800,Sangalbahita,Bihār,25.329500,87.301800
1356646132,Sangi,Bihār,26.323700,86.448100
1356053653,Sangram,Bihār,26.314100,86.351500
1356149238,Sangrampur,Bihār,26.475200,84.689800
1356447763,Sanha,Bihār,25.402000,86.359200
1356204851,Sanjat,Bihār,25.604600,86.019900
1356016827,Sanrh Majhgawan,Bihār,24.684500,85.365000
1356316675,Sanrha,Bihār,25.797900,84.750400
1356447572,Sansa,Bihār,25.029100,84.459700
1356166837,Sanwas,Bihār,25.179500,85.714800
1356152654,Sapahi,Bihār,26.651700,84.852600
1356097254,Sarai Ranjan,Bihār,25.767100,85.724500
1356115412,Saraiya,Bihār,25.646700,84.631200
1356998982,Sarangpur,Bihār,25.738900,85.695100
1356577867,Sarari,Bihār,26.252300,84.548400
1356231195,Sarauni,Bihār,24.861300,85.871200
1356238177,Sarauni Kalan,Bihār,25.757900,86.939200
1356894782,Saraunja,Bihār,25.769000,86.527300
1356480085,Sarea Khas,Bihār,26.635000,84.548300
1356170104,Saren,Bihār,25.114900,84.974400
1356988432,Sarenja,Bihār,25.444900,83.894200
1356590671,Sarmastpur,Bihār,25.949000,85.575100
1356914849,Sarmera,Bihār,25.256400,85.798800
1356063673,Sarotar,Bihār,26.429100,84.781300
1356140387,Sarso,Bihār,26.233300,86.176800
1356090958,Sasan,Bihār,25.688300,86.190700
1356061200,Sasaram,Bihār,24.950000,84.030000
1356038394,Satghara,Bihār,26.397700,86.167800
1356459117,Sathmalpur,Bihār,25.874900,85.856700
1356003039,Sattar,Bihār,25.955000,86.582800
1356105027,Satwar,Bihār,26.216300,84.512000
1356053801,Saurh,Bihār,25.378900,86.822300
1356200490,Semra,Bihār,26.652300,85.087200
1356368035,Semri,Bihār,25.340400,84.197000
1356107333,Senduria,Bihār,26.746900,84.675400
1356658113,Seonar,Bihār,25.414200,85.883400
1356258442,Sewa,Bihār,24.875300,86.325700
1356545471,Shahar Telpa,Bihār,25.133000,84.653300
1356256618,Shahpur,Bihār,25.602900,84.404100
1356710376,Shahpur Baghauni,Bihār,25.883100,85.685900
1356362474,Shahpur Chaumukhi,Bihār,25.768300,86.904900
1356737209,Shahpur Undi,Bihār,25.637000,85.601300
1356823439,Shahzadpur,Bihār,25.654100,86.870900
1356015242,Shamgarh,Bihār,25.893500,86.875900
1356028488,Shamsa,Bihār,25.623000,85.931000
1356617078,Shamshernagar,Bihār,25.086200,84.449700
1356572965,Shankar Saraiya,Bihār,26.596700,84.852600
1356422287,Shankarpur,Bihār,26.182100,87.155200
1356813629,Shankarpur Khawas,Bihār,25.201600,87.149600
1356900289,Sheikhpura,Bihār,25.140300,85.850800
1356092731,Sheohar,Bihār,26.520000,85.300000
1356839857,Sher,Bihār,26.342200,84.621000
1356257783,Sher Chakla,Bihār,25.384800,86.695200
1356992433,Sherghati,Bihār,24.570000,84.780000
1356337645,Sherpur,Bihār,25.653900,84.979300
1356138394,Shitab Diara,Bihār,25.756300,84.613300
1356041804,Sibkund,Bihār,25.304100,86.399000
1356964546,Sidhap Kalan,Bihār,26.545600,86.234600
1356112939,Sidhapa,Bihār,26.535500,86.335500
1356719445,Sihaul,Bihār,25.943800,86.537100
1356242123,Sihma,Bihār,25.699200,86.244600
1356254239,Sikandarpur,Bihār,25.325600,86.505100
1356416593,Sikandra,Bihār,24.956400,86.034400
1356993910,Sikat,Bihār,25.518600,87.442300
1356146314,Siktiahi,Bihār,26.481200,86.402300
1356525355,Silao,Bihār,25.083600,85.428000
1356741888,Simarbani,Bihār,26.195300,87.176900
1356745818,Simaria,Bihār,25.422100,86.006000
1356201242,Simarwara Durgapur,Bihār,25.852000,85.494400
1356589770,Simrahi,Bihār,26.313500,86.845400
1356048353,Simri,Bihār,25.640500,84.119500
1356016795,Simri Bakhriarpur,Bihār,25.721600,86.593700
1356112895,Simria,Bihār,25.966300,85.832400
1356062705,Singhara Buzurg,Bihār,25.796400,85.453900
1356777436,Singhwara,Bihār,26.184200,85.736800
1356596014,Singia,Bihār,25.842400,86.162200
1356887123,Sinha,Bihār,25.690200,84.629100
1356357119,Sirdala,Bihār,24.655900,85.409200
1356094473,Siripur,Bihār,25.997000,86.959900
1356275032,Sirkhandi Bhitha,Bihār,26.624400,85.778700
1356181970,Sirmatpur,Bihār,25.323500,87.383600
1356641138,Sirnia,Bihār,25.490300,87.589200
1356551713,Sirsa,Bihār,26.266700,84.740300
1356034616,Sirsia Hanumanganj,Bihār,26.138100,87.113300
1356750651,Sisai,Bihār,26.189900,84.564300
1356777470,Sisauna,Bihār,26.132000,87.623100
1356050103,Sisia,Bihār,25.453900,87.454900
1356948136,Siswa,Bihār,26.702700,84.913300
1356004530,Siswar,Bihār,26.429200,86.458600
1356050429,Sitalpur,Bihār,26.405000,85.007000
1356186196,Sitamarhi,Bihār,26.600000,85.480000
1356925006,Siur,Bihār,24.816600,85.672800
1356238764,Siwan,Bihār,26.220000,84.360000
1356350052,Sograha,Bihār,25.479800,85.999200
1356652469,Sohta,Bihār,26.214900,87.082600
1356380399,Sohtha,Bihār,25.644900,87.306800
1356231172,Sokhodewara,Bihār,24.835800,85.872500
1356050070,Solindabad,Bihār,25.846300,86.590700
1356922561,Somnaha,Bihār,25.951800,85.704200
1356303493,Sonapur,Bihār,25.356100,86.208200
1356020659,Sonbarsa,Bihār,25.706900,86.737900
1356118415,Sondho Dullah,Bihār,25.901600,85.356900
1356791276,Sondiha,Bihār,24.895000,87.017500
1356835776,Sonhauli,Bihār,25.510800,86.470700
1356149014,Sonpur,Bihār,25.700000,85.180000
1356102308,Sontha,Bihār,26.186100,87.776600
1356566802,Sonupur,Bihār,25.800000,86.025300
1356251122,Sonwan,Bihār,25.625800,86.216100
1356360652,Sothgaon,Bihār,26.604600,85.947300
1356734331,Sowan,Bihār,25.554000,84.233400
1356950611,Srinagar,Bihār,26.783000,84.301800
1356131631,Sripur,Bihār,25.586100,86.080300
1356060657,Suganwan,Bihār,25.117600,85.002200
1356081704,Sugaon,Bihār,26.731700,84.762900
1356098448,Sugauna,Bihār,26.407700,86.217400
1356055718,Sughrain,Bihār,25.746000,86.325000
1356624070,Suhiya,Bihār,25.648200,84.391600
1356498115,Sujapur,Bihār,25.481500,87.443500
1356714992,Sukhasan,Bihār,25.494400,87.526300
1356467553,Sukhsena,Bihār,25.795200,87.108900
1356568049,Sultanganj,Bihār,25.246000,86.738000
1356647916,Sultanpur,Bihār,25.621400,85.463700
1356013417,Sumbha,Bihār,25.578900,86.360800
1356729218,Sundarpur,Bihār,26.303700,84.858100
1356015995,Supaul,Bihār,26.126000,86.605000
1356446616,Surajpura,Bihār,25.257600,86.228300
1356303686,Sursand,Bihār,26.650000,85.716700
1356548358,Sutihar,Bihār,25.848200,84.971200
1356969970,Tabhka Khas,Bihār,25.651800,85.942600
1356156219,Tadhwa Nandpur,Bihār,26.755600,84.432600
1356045708,Tajpur,Bihār,25.902200,84.505500
1356444706,Tamganj,Bihār,26.247800,87.156900
1356054851,Taran,Bihār,26.157000,87.543000
1356532159,Tarar,Bihār,25.182100,87.167100
1356425788,Tarauna,Bihār,26.237100,87.512300
1356360532,Tarawan,Bihār,24.729500,85.252900
1356286916,Tarwara,Bihār,26.200700,84.487400
1356770484,Taulaha,Bihār,26.956600,84.073100
1356440330,Teghra,Bihār,26.492900,86.368000
1356117731,Teghra English,Bihār,25.407200,87.741000
1356622953,Tekari,Bihār,24.942500,84.842700
1356077327,Telkap,Bihār,24.704800,84.009300
1356089212,Telkathu,Bihār,26.112400,84.373300
1356088055,Telmar,Bihār,25.423700,85.435800
1356766588,Telpur,Bihār,27.054800,84.333600
1356133939,Telua,Bihār,26.639600,84.510800
1356257286,Telwa,Bihār,25.879600,86.383700
1356504789,Tetari,Bihār,25.375700,87.069100
1356436360,Teus,Bihār,25.249300,85.714100
1356337463,Thakraha,Bihār,26.741900,84.256200
1356465576,Thakurainia,Bihār,26.209800,86.019100
1356260743,Thatha,Bihār,25.498800,86.590800
1356619478,Thathupur,Bihār,25.973100,86.029600
1356390012,Thepaha Raja Ram,Bihār,26.222900,84.252300
1356140676,Tilari,Bihār,25.004000,85.252000
1356139149,Tilothu,Bihār,24.805100,84.083300
1356754289,Tinkoni,Bihār,26.861300,84.964700
1356927315,Tiri,Bihār,25.887100,86.675700
1356107458,Titara,Bihār,26.231100,84.244400
1356139722,Tola Khadda,Bihār,26.739600,84.501400
1356495785,Tulshia,Bihār,26.346800,87.841100
1356428490,Turhapatti,Bihār,26.851100,84.452200
1356329131,Turkauliya,Bihār,26.607900,84.829600
1356651804,Turki,Bihār,26.029400,86.066600
1356260354,Uchti,Bihār,25.919700,86.254400
1356840356,Udaipur Bithwar,Bihār,26.287200,86.157800
1356962333,Udawantnagar,Bihār,25.505400,84.621600
1356996432,Ughara,Bihār,26.056300,86.001300
1356872088,Ukhai Purbari Patti,Bihār,26.247100,84.406600
1356574919,Ulao,Bihār,25.416500,86.093600
1356143590,Umga,Bihār,24.639600,84.557700
1356063015,Urlaha,Bihār,25.744000,87.092900
1356413511,Usmanpur,Bihār,25.348700,86.966900
1356061108,Waris Aliganj,Bihār,25.010000,85.630000
1356739179,Chandigarh,Chandīgarh,30.750000,76.780000
1356098574,Bhilai,Chhattīsgarh,21.366700,81.716700
1356820491,Bilaspur,Chhattīsgarh,22.090000,82.150000
1356116903,Boriguma,Chhattīsgarh,19.046800,82.553200
1356542563,Dalli Rajhara,Chhattīsgarh,20.580000,81.080000
1356754128,Dhamtari,Chhattīsgarh,20.710000,81.550000
1356910418,Drug,Chhattīsgarh,21.190000,81.280000
1356057455,Junagarh,Chhattīsgarh,19.859900,82.933800
1356918951,Kalimala,Chhattīsgarh,18.073800,81.749500
1356093877,Korba,Chhattīsgarh,22.350000,82.680000
1356258690,Mahasamund,Chhattīsgarh,21.110000,82.100000
1356114358,Mungeli,Chhattīsgarh,22.070000,81.680000
1356458234,Raigarh,Chhattīsgarh,21.800000,83.300000
1356374983,Raipur,Chhattīsgarh,21.250000,81.630000
1356825451,Sakti,Chhattīsgarh,22.030000,82.970000
1356562244,Umarkot,Chhattīsgarh,19.665300,82.206300
1356008028,Daman,Dādra and Nagar Haveli and Damān and Diu,20.416900,72.834000
1356923516,Diu,Dādra and Nagar Haveli and Damān and Diu,20.715000,70.984400
1356217846,Silvassa,Dādra and Nagar Haveli and Damān and Diu,20.270000,73.020000
1356078316,Bhalswa Jahangirpur,Delhi,28.735400,77.163800
1356872604,Delhi,Delhi,28.610000,77.230000
1356526853,Delhi Cantonment,Delhi,28.600000,77.133300
1356264482,Kalkaji Devi,Delhi,28.548500,77.251300
1356773697,Mundka,Delhi,28.679400,77.028400
1356180206,Najafgarh,Delhi,28.609200,76.979800
1356389587,Nangloi Jat,Delhi,28.683300,77.066700
1356542019,Narela,Delhi,28.852700,77.092900
1356215164,New Delhi,Delhi,28.613900,77.209000
1356062549,Sultanpur Mazra,Delhi,28.698100,77.068900
1356974060,Aldona,Goa,15.580000,73.870000
1356248951,Anjuna,Goa,15.583300,73.733300
1356770456,Bandora,Goa,15.408200,73.981300
1356789752,Benaulim,Goa,15.270000,73.934600
1356387573,Borim,Goa,15.360400,74.000400
1356852049,Chicalim,Goa,15.399400,73.840800
1356510315,Chinchinim,Goa,15.200000,73.970000
1356471169,Corgao,Goa,15.709600,73.749700
1356736301,Cortalim,Goa,15.397800,73.910600
1356002399,Cuncolim,Goa,15.177300,73.993900
1356224201,Curchorem,Goa,15.250000,74.100000
1356029081,Curti,Goa,15.416700,74.016700
1356468637,Curtorim,Goa,15.280000,74.030000
1356958388,Davorlim,Goa,15.272200,73.992400
1356953406,Dicholi,Goa,15.593200,73.945700
1356134641,Kankon,Goa,15.010900,74.036300
1356337752,Madgaon,Goa,15.273600,73.958100
1356236614,Mahem,Goa,15.579600,73.926000
1356764529,Marmagao,Goa,15.402000,73.800000
1356163461,Navelim,Goa,15.242800,73.933100
1356861846,Nuvem,Goa,15.317400,73.938700
1356909212,Panaji,Goa,15.498900,73.827800
1356252428,Ponda,Goa,15.403400,74.015200
1356697603,Poninguinim,Goa,14.967900,74.086500
1356025914,Priol,Goa,15.416700,73.983300
1356045767,Quepem,Goa,15.220000,74.070000
1356368579,Raia,Goa,15.496900,73.808900
1356247740,Sancoale,Goa,15.467000,73.833000
1356841313,Sanquelim,Goa,15.502700,73.766900
1356128905,Siroda,Goa,15.329200,74.027100
1356515505,Solim,Goa,15.620000,73.767000
1356138796,Tivim,Goa,15.600000,73.800000
1356114042,Usgao,Goa,15.433300,74.066700
1356065506,Valpoy,Goa,15.532400,74.136700
1356688186,Vasco Da Gama,Goa,15.398100,73.811100
1356655981,Adalaj,Gujarāt,23.170000,72.580000
1356304381,Ahmedabad,Gujarāt,23.030000,72.580000
1356044073,Anand,Gujarāt,22.556000,72.951000
1356981799,Bharuch,Gujarāt,21.694800,72.980500
1356982375,Bhavnagar,Gujarāt,21.760000,72.150000
1356806356,Bhuj,Gujarāt,23.250000,69.670000
1356709185,Dholka,Gujarāt,22.720000,72.470000
1356595606,Dhoraji,Gujarāt,21.733700,70.449900
1356276872,Dwarka,Gujarāt,22.240300,68.968600
1356140913,Gandhidham,Gujarāt,23.080000,70.130000
1356140914,Ghandinagar,Gujarāt,23.223000,72.650000
1356386046,Godhra,Gujarāt,22.777200,73.620300
1356123042,Himatnagar,Gujarāt,23.600000,72.950000
1356104995,Jamnagar,Gujarāt,22.470000,70.070000
1356284058,Jasdan,Gujarāt,22.030000,71.200000
1356057451,Junagadh,Gujarāt,21.520000,70.463000
1356474902,Kadi,Gujarāt,23.300900,72.332200
1356950077,Kapadvanj,Gujarāt,23.020000,73.070000
1356488794,Keshod,Gujarāt,21.300000,70.250000
1356354348,Khambhat,Gujarāt,22.300000,72.620000
1356775137,Khed Brahma,Gujarāt,24.029900,73.046300
1356357949,Limbdi,Gujarāt,22.568500,71.794900
1356006601,Mahemdavad,Gujarāt,22.830000,72.770000
1356719082,Mahesana,Gujarāt,23.600000,72.400000
1356643955,Manavadar,Gujarāt,21.500000,70.130000
1356046879,Mandvi,Gujarāt,22.833300,69.355600
1356213913,Mangrol,Gujarāt,21.120000,70.120000
1356609725,Mansa,Gujarāt,23.430000,72.670000
1356158185,Meghraj,Gujarāt,23.500000,73.500000
1356294511,Modasa,Gujarāt,23.470000,73.300000
1356746232,Morbi,Gujarāt,22.820000,70.830000
1356047064,Mundra,Gujarāt,22.850000,69.730000
1356992385,Nadiad,Gujarāt,22.690000,72.860000
1356368840,Naliya,Gujarāt,23.261100,68.826700
1356800561,Nandod,Gujarāt,21.870600,73.502800
1356120513,Navsari,Gujarāt,20.850400,72.920000
1356528617,Padra,Gujarāt,22.230000,73.080000
1356100837,Palitana,Gujarāt,21.520000,71.830000
1356060001,Pardi,Gujarāt,20.520000,72.950000
1356500905,Patan,Gujarāt,23.850000,72.116700
1356943594,Petlad,Gujarāt,22.470000,72.800000
1356634492,Porbandar,Gujarāt,21.642500,69.604700
1356442912,Prantij,Gujarāt,23.438400,72.857200
1356941349,Radhanpur,Gujarāt,23.830000,71.600000
1356317190,Rajkot,Gujarāt,22.300000,70.783300
1356495012,Rajula,Gujarāt,21.050000,71.430000
1356119017,Rapar,Gujarāt,23.570000,70.630000
1356118174,Salaya,Gujarāt,22.320000,69.600000
1356166137,Samadiala,Gujarāt,21.342200,71.306300
1356038288,Sanand,Gujarāt,22.980000,72.380000
1356103735,Siddhapur,Gujarāt,23.916700,72.383300
1356675162,Sihor,Gujarāt,21.700000,71.970000
1356550633,Songadh,Gujarāt,21.167000,73.564000
1356758738,Surat,Gujarāt,21.170200,72.831100
1356002804,Surendranagar,Gujarāt,22.700000,71.683300
1356770262,Talaja,Gujarāt,21.350000,72.050000
1356711533,Than,Gujarāt,22.566700,71.183300
1356055796,Tharad,Gujarāt,24.392600,71.624800
1356131657,Umargam,Gujarāt,20.170000,72.760000
1356307988,Umreth,Gujarāt,22.698600,73.115600
1356734476,Una,Gujarāt,20.820000,71.030000
1356738663,Unjha,Gujarāt,23.800000,72.400000
1356920234,Upleta,Gujarāt,21.730000,70.280000
1356242825,Vadnagar,Gujarāt,23.785000,72.640000
1356705249,Vadodara,Gujarāt,22.300000,73.200000
1356306193,Valsad,Gujarāt,20.610000,72.926000
1356346826,Veraval,Gujarāt,20.900000,70.370000
1356813215,Vijapur,Gujarāt,23.570000,72.750000
1356782098,Viramgam,Gujarāt,23.120000,72.030000
1356690813,Visnagar,Gujarāt,23.700000,72.550000
1356850056,Vyara,Gujarāt,21.120000,73.400000
1356694528,Wankaner,Gujarāt,22.616100,70.953100
1356947216,Ambala,Haryāna,30.378600,76.772500
1356780092,Bhiwani,Haryāna,28.780000,76.130000
1356893959,Bilaspur,Haryāna,30.304400,77.302800
1356411988,Charkhi Dadri,Haryāna,28.590000,76.270000
1356453084,Dhanauri,Haryāna,29.783300,76.183300
1356057911,Ellenabad,Haryāna,29.450000,74.650000
1356013205,Faridabad,Haryāna,28.416700,77.300000
1356065839,Fatehabad,Haryāna,29.520000,75.450000
1356118267,Gohna,Haryāna,29.130000,76.900000
1356836043,Gurgaon,Haryāna,28.456000,77.029000
1356181619,Hansi,Haryāna,29.100000,75.970000
1356004790,Hisar,Haryāna,29.150000,75.700000
1356620188,Jind,Haryāna,29.316700,76.316700
1356810758,Kaithal,Haryāna,29.801500,76.399800
1356145204,Karnal,Haryāna,29.686000,76.989000
1356524975,Khanda,Haryāna,28.916700,76.883300
1356043870,Ladwa,Haryāna,29.995800,77.040000
1356201517,Mahendragarh,Haryāna,28.280000,76.150000
1356069601,Mandi Dabwali,Haryāna,29.947700,74.732200
1356512084,Narnaul,Haryāna,28.044400,76.105600
1356363650,Narwana,Haryāna,29.616700,76.111700
1356727665,Nilothi,Haryāna,28.816700,76.866700
1356128481,Palwal,Haryāna,28.143000,77.329000
1356152025,Panchkula,Haryāna,30.740000,76.800000
1356526780,Panipat,Haryāna,29.387500,76.970000
1356877923,Pehowa,Haryāna,29.980000,76.580000
1356052724,Rania,Haryāna,29.530000,74.830000
1356141622,Ratia,Haryāna,29.683300,75.575000
1356557800,Rewari,Haryāna,28.180000,76.620000
1356162915,Rohtak,Haryāna,28.890900,76.579600
1356834731,Safidon,Haryāna,29.420000,76.670000
1356715099,Samalkha,Haryāna,29.230000,77.020000
1356966764,Sirsa,Haryāna,29.533300,75.016700
1356866942,Sohna,Haryāna,28.250000,77.070000
1356648808,Sonipat,Haryāna,28.990000,77.022000
1356380934,Thanesar,Haryāna,29.966700,76.816700
1356505021,Tohana,Haryāna,29.700000,75.900000
1356846120,Yamunanagar,Haryāna,30.133000,77.288000
1356118283,Arda,Himāchal Pradesh,32.308700,76.577200
1356395367,Arohi,Himāchal Pradesh,23.427000,88.605600
1356595926,Chonthrhu,Himāchal Pradesh,32.486500,75.994100
1356002507,Dharamshala,Himāchal Pradesh,32.218600,76.318300
1356618034,Dharmsala,Himāchal Pradesh,32.215300,76.318600
1356118618,Kiratot,Himāchal Pradesh,32.837600,76.229600
1356863384,Kulu,Himāchal Pradesh,31.960000,77.100000
1356702868,Kun Puhal,Himāchal Pradesh,33.005800,76.533400
1356326622,Mandi,Himāchal Pradesh,31.720000,76.920000
1356417528,Nahan,Himāchal Pradesh,30.550000,77.300000
1356150389,Palampur,Himāchal Pradesh,32.109700,76.536600
1356068456,Palangotu Adwar,Himāchal Pradesh,32.788800,76.000900
1356125796,Pardwal,Himāchal Pradesh,32.328600,76.115300
1356027472,Raita,Himāchal Pradesh,32.549500,76.239000
1356962932,Shimla,Himāchal Pradesh,31.103300,77.172200
1356105721,Solan,Himāchal Pradesh,30.905000,77.097000
1356852734,Sundarnagar,Himāchal Pradesh,31.530000,76.880000
1356098164,Ajas,Jammu and Kashmīr,34.331600,74.680100
1356433902,Akhnur,Jammu and Kashmīr,32.866700,74.733300
1356796191,Bandipura,Jammu and Kashmīr,34.422500,74.637500
1356671176,Baramula,Jammu and Kashmīr,34.200000,74.340000
1356209475,Bhadarwah,Jammu and Kashmīr,32.980000,75.720000
1356300423,Bhulwal,Jammu and Kashmīr,32.809400,74.768300
1356024716,Bijbiara,Jammu and Kashmīr,33.793800,75.107000
1356167264,Bimun,Jammu and Kashmīr,34.058800,74.753900
1356100933,Birpur,Jammu and Kashmīr,32.661700,74.951800
1356036048,Bishnah,Jammu and Kashmīr,32.610600,74.855600
1356920069,Danau Kandimarg,Jammu and Kashmīr,33.564600,74.975400
1356426484,Drabar,Jammu and Kashmīr,33.430000,75.090000
1356684962,Gandarbal,Jammu and Kashmīr,34.226200,74.774800
1356139561,Gold,Jammu and Kashmīr,33.587400,74.144500
1356407392,Gulgam,Jammu and Kashmīr,34.550000,74.217300
1356548124,Guraahai,Jammu and Kashmīr,33.644900,74.230100
1356406781,Hajan,Jammu and Kashmīr,34.298900,74.616800
1356080179,Handwara,Jammu and Kashmīr,34.400000,74.280000
1356165074,Hanzviur,Jammu and Kashmīr,34.140000,74.580000
1356077768,Haripura,Jammu and Kashmīr,34.041000,74.792300
1356324247,Islamabad,Jammu and Kashmīr,33.730000,75.150000
1356491738,Jammu,Jammu and Kashmīr,32.730000,74.870000
1356066409,Janglot,Jammu and Kashmīr,32.435300,75.523100
1356552576,Kaimuh,Jammu and Kashmīr,33.719700,75.081100
1356649877,Kalaruch,Jammu and Kashmīr,34.573100,74.321000
1356105038,Kathua,Jammu and Kashmīr,32.385000,75.517000
1356716265,Katra,Jammu and Kashmīr,32.991700,74.931900
1356026883,Khari,Jammu and Kashmīr,33.389000,75.151400
1356522570,Khattan,Jammu and Kashmīr,33.370000,75.520000
1356051009,Khaur,Jammu and Kashmīr,32.822900,74.511200
1356818085,Khiram,Jammu and Kashmīr,33.732000,75.160000
1356611269,Kishtwar,Jammu and Kashmīr,33.313500,75.767300
1356389510,Kotla,Jammu and Kashmīr,32.752200,74.747000
1356729904,Kulgam,Jammu and Kashmīr,33.640000,75.020000
1356863799,Lilh,Jammu and Kashmīr,32.690000,75.660000
1356280369,Loran,Jammu and Kashmīr,33.834600,74.331200
1356045881,Magam,Jammu and Kashmīr,34.459500,74.230600
1356687692,Malangam,Jammu and Kashmīr,34.438300,74.557500
1356971041,Marahom,Jammu and Kashmīr,33.830300,75.083200
1356669149,Noria,Jammu and Kashmīr,32.521000,74.798400
1356145709,Palhalan,Jammu and Kashmīr,34.182300,74.550600
1356638545,Panzgam,Jammu and Kashmīr,34.484000,74.075300
1356708972,Punch,Jammu and Kashmīr,33.770300,74.092500
1356109150,Rajaori,Jammu and Kashmīr,33.380000,74.310000
1356403730,Ramnagar,Jammu and Kashmīr,32.807300,75.311200
1356368404,Ranbirsinghpura,Jammu and Kashmīr,32.607900,74.729300
1356741008,Salar,Jammu and Kashmīr,33.878900,75.248500
1356029248,Samba,Jammu and Kashmīr,32.562400,75.119900
1356526490,Sogam,Jammu and Kashmīr,34.501400,74.382300
1356978065,Sopur,Jammu and Kashmīr,34.300000,74.470000
1356442950,Srinagar,Jammu and Kashmīr,34.090000,74.790000
1356059271,Sumbal,Jammu and Kashmīr,34.230700,74.647200
1356287787,Sungal,Jammu and Kashmīr,32.939200,74.693500
1356858441,Tarazu,Jammu and Kashmīr,34.271400,74.500900
1356039784,Tsrar Sharif,Jammu and Kashmīr,33.863200,74.765200
1356335272,Udhampur,Jammu and Kashmīr,32.916000,75.141900
1356589875,Vernag,Jammu and Kashmīr,33.537700,75.250300
1356255420,Achaljamu,Jhārkhand,24.024300,85.830600
1356080609,Akbarpur,Jhārkhand,24.628100,83.919900
1356183404,Angwali,Jhārkhand,23.731700,85.985800
1356616827,Arsali,Jhārkhand,24.375400,83.590300
1356195250,Bachra,Jhārkhand,23.688600,85.070300
1356511216,Baduriatola,Jhārkhand,24.092800,84.089500
1356624677,Balumath,Jhārkhand,23.829800,84.788800
1356746877,Banaso,Jhārkhand,23.988400,85.786600
1356194356,Bargaon,Jhārkhand,23.179500,84.699100
1356166271,Barharwa,Jhārkhand,24.857100,87.779000
1356431545,Barhi,Jhārkhand,24.304500,85.419500
1356112405,Barkagaon,Jhārkhand,23.865100,85.216700
1356112723,Barki Saria,Jhārkhand,24.175900,85.889400
1356182224,Barughutu,Jhārkhand,23.803800,85.555500
1356067316,Barwadih,Jhārkhand,23.847800,84.110500
1356258941,Beko,Jhārkhand,24.041500,85.953600
1356119081,Beldanga,Jhārkhand,24.810600,87.886400
1356191728,Bermo,Jhārkhand,23.787800,85.935300
1356006721,Bharno,Jhārkhand,23.220400,84.889100
1356531281,Bokaro,Jhārkhand,23.787100,85.956400
1356109772,Borio,Jhārkhand,25.034400,87.592500
1356307063,Bundu,Jhārkhand,23.160900,85.590100
1356082013,Chakradharpur,Jhārkhand,22.700000,85.630000
1356192993,Chalkari,Jhārkhand,23.758200,85.955700
1356535081,Champua,Jhārkhand,22.066700,85.665800
1356313386,Chandwa,Jhārkhand,23.675600,84.740100
1356206597,Chandwara,Jhārkhand,24.393000,85.479800
1356317326,Chas,Jhārkhand,23.630000,86.170000
1356105725,Chatra,Jhārkhand,24.204500,84.877000
1356232319,Chianki,Jhārkhand,24.005100,84.109800
1356110582,Chitarpur,Jhārkhand,23.579400,85.654800
1356195229,Churi,Jhārkhand,23.654900,85.012800
1356991205,Daltonganj,Jhārkhand,24.033300,84.066700
1356137038,Damdama,Jhārkhand,24.630000,88.020000
1356185846,Dari,Jhārkhand,23.828300,85.273900
1356054191,Deoghar,Jhārkhand,24.480000,86.700000
1356103392,Dhanbad,Jhārkhand,23.799800,86.430500
1356939198,Dhansaria,Jhārkhand,24.640000,88.020000
1356802246,Dhanwar,Jhārkhand,24.410700,85.981800
1356974592,Domchanch,Jhārkhand,24.474800,85.692100
1356256415,Doranda,Jhārkhand,24.471000,85.944900
1356626278,Dugda,Jhārkhand,23.745200,86.171700
1356153239,Dumka,Jhārkhand,24.420000,87.340000
1356464330,Garhwa,Jhārkhand,24.110000,83.810000
1356187456,Gidi,Jhārkhand,23.690900,85.364100
1356052099,Gobindpur,Jhārkhand,24.782000,85.694300
1356975722,Godda,Jhārkhand,24.827000,87.212500
1356304811,Gomoh,Jhārkhand,23.873500,86.151600
1356019122,Gumia,Jhārkhand,23.810600,85.823200
1356058585,Gumla,Jhārkhand,23.044400,84.541700
1356739331,Haidarnagar,Jhārkhand,24.488300,83.944300
1356428946,Hajipur,Jhārkhand,25.265700,87.501900
1356960055,Hazaribagh,Jhārkhand,23.980000,85.350000
1356189450,Hirpardangal,Jhārkhand,23.820000,86.900000
1356192410,Hosir,Jhārkhand,23.773500,85.813200
1356138744,Husainabad,Jhārkhand,24.528500,84.000000
1356907870,Ilami,Jhārkhand,24.677600,87.880400
1356191932,Itki Thakurgaon,Jhārkhand,23.345600,85.111400
1356154042,Jagannathpur,Jhārkhand,22.221100,85.639200
1356093644,Jainagar,Jhārkhand,24.375600,85.644300
1356501259,Jamshedpur,Jhārkhand,22.792500,86.184200
1356076405,Jamtara,Jhārkhand,23.950000,86.800000
1356038055,Jasidih,Jhārkhand,24.513800,86.645800
1356087707,Jori Kalan,Jhārkhand,24.204500,84.877000
1356900897,Jumri Tilaiya,Jhārkhand,24.428900,85.535500
1356076257,Kandra,Jhārkhand,22.851700,86.051900
1356589149,Kanke,Jhārkhand,23.434800,85.320600
1356176895,Karma,Jhārkhand,23.684000,85.570600
1356181237,Kedia,Jhārkhand,23.794500,85.587200
1356281373,Kenduadih,Jhārkhand,23.775700,86.376100
1356254588,Keshwari,Jhārkhand,24.187800,85.841100
1356046558,Khalari,Jhārkhand,23.650600,85.007400
1356199312,Kharki,Jhārkhand,23.916500,85.859600
1356797105,Kharsawan,Jhārkhand,22.790900,85.831000
1356192985,Khetko,Jhārkhand,23.755400,85.912200
1356123961,Khunti,Jhārkhand,23.014000,85.272400
1356260269,Kodarma,Jhārkhand,24.467500,85.594000
1356249967,Koiridih,Jhārkhand,24.180000,86.300000
1356020297,Kuju,Jhārkhand,23.725400,85.510200
1356259478,Kulgo,Jhārkhand,24.015400,85.974300
1356188355,Landupdih,Jhārkhand,23.147800,85.781700
1356189882,Lapanga,Jhārkhand,23.633300,85.377000
1356490044,Latehar,Jhārkhand,23.744200,84.499800
1356815700,Lohardaga,Jhārkhand,23.430000,84.680000
1356181233,Loiyo,Jhārkhand,23.792800,85.632000
1356044128,Madhupur,Jhārkhand,24.260000,86.650000
1356275174,Mahagama,Jhārkhand,25.034200,87.318700
1356435854,Maharajpur,Jhārkhand,25.104000,87.889800
1356413405,Makhmalpur,Jhārkhand,25.287000,87.546900
1356113647,Makri,Jhārkhand,24.386000,83.555900
1356256561,Mandramo,Jhārkhand,24.182200,85.873400
1356054229,Mandu,Jhārkhand,23.794600,85.468700
1356895889,Manoharpur,Jhārkhand,22.374600,85.192300
1356619726,Marai Kalan,Jhārkhand,24.021100,85.350600
1356939966,Markacho,Jhārkhand,24.326300,85.834600
1356067094,Meral,Jhārkhand,24.187600,83.707600
1356819085,Meru,Jhārkhand,24.009700,85.467300
1356177670,Mesra,Jhārkhand,23.433900,85.415200
1356245363,Muturkha,Jhārkhand,24.104400,86.285500
1356171764,Noamundi,Jhārkhand,22.160900,85.504200
1356456693,Nunihat,Jhārkhand,24.484300,87.132300
1356228974,Okhargara,Jhārkhand,24.214100,83.785600
1356035089,Pakaur,Jhārkhand,24.630000,87.850000
1356093714,Palkot,Jhārkhand,22.874800,84.643300
1356251932,Paratdiha,Jhārkhand,24.163800,86.307000
1356581953,Patratu,Jhārkhand,23.670000,85.280000
1356193741,Phusro,Jhārkhand,23.770000,85.990000
1356308510,Pihra,Jhārkhand,24.642400,85.804300
1356874180,Pokhuria,Jhārkhand,25.130700,88.037500
1356110588,Ranchi,Jhārkhand,23.360000,85.330000
1356352472,Ratu,Jhārkhand,23.420400,85.214600
1356080912,Sahibganj,Jhārkhand,25.250000,87.650000
1356002009,Saraikela,Jhārkhand,22.699600,85.931300
1356192414,Saram,Jhārkhand,23.762500,85.830000
1356188296,Saunda,Jhārkhand,23.660000,85.350000
1356178881,Sewai,Jhārkhand,23.617500,85.678300
1356517061,Shahpur,Jhārkhand,24.031200,84.054300
1356762860,Sijua,Jhārkhand,23.769200,86.167300
1356073158,Simdega,Jhārkhand,22.620000,84.520000
1356568375,Sini,Jhārkhand,22.793300,85.945400
1356065176,Sisai,Jhārkhand,23.179400,84.758200
1356177695,Sukurhutu,Jhārkhand,23.443300,85.291700
1356204908,Taisar,Jhārkhand,22.486700,84.180400
1356660465,Tamar,Jhārkhand,23.048800,85.649000
1356176680,Tati,Jhārkhand,23.377200,85.437900
1356194333,Torpa,Jhārkhand,22.936100,85.088900
1356192540,Tundhul,Jhārkhand,23.324700,85.244700
1356183257,Udburu,Jhārkhand,23.033300,85.366700
1356177961,Ulatu,Jhārkhand,23.276600,85.501200
1356709551,Abbigeri,Karnātaka,15.586200,75.750200
1356049786,Adivala,Karnātaka,13.913100,76.661900
1356001747,Adyar,Karnātaka,12.875600,74.923200
1356045507,Afzalpur,Karnātaka,17.200000,76.350000
1356106376,Agadi,Karnātaka,14.819000,75.469000
1356470112,Aigali,Karnātaka,16.720000,75.060000
1356401696,Ainapur,Karnātaka,16.480000,74.780000
1356451205,Ajjampur,Karnātaka,13.727900,76.006800
1356862548,Ajjipuram,Karnātaka,12.150000,77.100000
1356608267,Aland,Karnātaka,17.564200,76.568500
1356938330,Alawandi,Karnātaka,15.230300,75.980100
1356472316,Almel,Karnātaka,16.920000,76.240000
1356106746,Alnavar,Karnātaka,15.427300,74.741100
1356075131,Amadalli,Karnātaka,14.766700,74.216700
1356819437,Amingarh,Karnātaka,16.057200,75.948900
1356733791,Anantpur,Karnātaka,16.889000,75.014600
1356071395,Anavatti,Karnātaka,14.564500,75.152300
1356802211,Anekal,Karnātaka,12.710500,77.696700
1356759550,Ankalgi,Karnātaka,16.033300,74.700000
1356026296,Ankli,Karnātaka,16.420000,74.580000
1356300206,Ankola,Karnātaka,14.660500,74.304700
1356141254,Annigeri,Karnātaka,15.425100,75.433500
1356591054,Arakere,Karnātaka,12.413300,76.816800
1356430645,Arakeri,Karnātaka,16.918100,75.695000
1356006431,Arsikere,Karnātaka,13.313900,76.236900
1356320437,Atharga,Karnātaka,16.987500,75.886300
1356105261,Athni,Karnātaka,16.730000,75.070000
1356055941,Attibele,Karnātaka,12.778100,77.772600
1356600800,Aurad,Karnātaka,18.254000,77.417600
1356894701,Badagabettu,Karnātaka,13.333500,74.799900
1356506691,Badanahatti,Karnātaka,15.317600,76.825800
1356504504,Bagalkot,Karnātaka,16.183300,75.700000
1356157377,Bagalur,Karnātaka,13.132800,77.668500
1356983749,Bagalvad,Karnātaka,16.052800,76.887700
1356080876,Bagepalli,Karnātaka,13.780000,77.790000
1356104757,Bail-Hongal,Karnātaka,15.813700,74.858900
1356317866,Bajala,Karnātaka,12.853700,74.885300
1356073378,Bajpe,Karnātaka,12.980300,74.883200
1356507028,Banagi,Karnātaka,13.610000,75.530000
1356909293,Banavar,Karnātaka,13.416700,76.166700
1356147283,Bandalli,Karnātaka,12.164000,77.350400
1356410365,Bangalore,Karnātaka,12.978900,77.591700
1356647094,Banhatti,Karnātaka,16.385300,75.149400
1356921421,Bankapur,Karnātaka,14.923000,75.262200
1356936306,Bannur,Karnātaka,12.332900,76.862000
1356472512,Bantval,Karnātaka,12.890500,75.034900
1356001903,Basapatna,Karnātaka,15.430200,76.486900
1356923425,Basavakalyan,Karnātaka,17.874400,76.949700
1356236898,Basavana Bagevadi,Karnātaka,16.572800,75.972500
1356088496,Basrur,Karnātaka,13.630800,74.737700
1356225777,Beladi,Karnātaka,13.146400,74.939900
1356949795,Belagola,Karnātaka,13.383300,75.583300
1356649537,Belakvadi,Karnātaka,12.255000,77.122500
1356390535,Belgaum,Karnātaka,15.850000,74.500000
1356178257,Belhatti,Karnātaka,15.081800,75.646500
1356209152,Bellary,Karnātaka,15.100000,76.916700
1356972018,Belludi,Karnātaka,14.450000,75.783300
1356104826,Beltangadi,Karnātaka,12.979500,75.269900
1356747417,Belur,Karnātaka,13.164200,75.864700
1356468260,Belvadi,Karnātaka,15.790000,74.750000
1356153935,Besagarahalli,Karnātaka,12.633300,77.000000
1356503334,Betigeri,Karnātaka,15.443000,75.644200
1356016529,Betmangala,Karnātaka,13.008500,78.328200
1356466241,Bhadravati,Karnātaka,13.848500,75.705000
1356429834,Bhalki,Karnātaka,18.043500,77.206000
1356988746,Bhanuvalli,Karnātaka,14.433300,75.766700
1356324455,Bhatkal,Karnātaka,13.985300,74.555300
1356958224,Bhoj,Karnātaka,16.533300,74.450000
1356933453,Bidar,Karnātaka,17.912000,77.520000
1356499139,Bijapur,Karnātaka,16.830000,75.710000
1356393849,Bilgi,Karnātaka,16.347200,75.618100
1356646935,Birur,Karnātaka,13.597200,75.971700
1356172549,Bobleshwar,Karnātaka,16.830000,75.730000
1356233667,Bommarbettu,Karnātaka,13.339000,74.878400
1356617296,Bowringpet,Karnātaka,12.991200,78.178000
1356040950,Budanur,Karnātaka,12.550000,76.958200
1356354161,Byadgi,Karnātaka,14.673300,75.486800
1356065476,Byahatti,Karnātaka,15.446800,75.205400
1356590852,Byatarayanpur,Karnātaka,13.065900,77.592200
1356381266,Chadchan,Karnātaka,17.170000,75.960000
1356543168,Chalgeri,Karnātaka,14.565200,75.716600
1356147299,Challakere,Karnātaka,14.312000,76.651000
1356007832,Chamrajnagar,Karnātaka,11.923100,76.939500
1356077835,Channagiri,Karnātaka,14.024000,75.925800
1356894522,Channapatna,Karnātaka,12.651400,77.206700
1356209573,Channarayapatna,Karnātaka,12.900000,76.390000
1356137725,Chennayyanakote,Karnātaka,12.271900,75.955900
1356871177,Chik Ballapur,Karnātaka,13.430000,77.720000
1356558029,Chikkerur,Karnātaka,14.532600,75.308400
1356137222,Chikmagalur,Karnātaka,13.316700,75.783300
1356242591,Chiknayakanhalli,Karnātaka,13.416100,76.620600
1356759185,Chikodi,Karnātaka,16.430000,74.600000
1356555917,Chinchali,Karnātaka,16.564700,74.816000
1356831659,Chincholi,Karnātaka,17.465100,77.418700
1356016287,Chintalapalle,Karnātaka,15.040000,76.200000
1356761079,Chintamani,Karnātaka,13.400000,78.066000
1356668514,Chitaldrug,Karnātaka,14.233300,76.400000
1356846578,Chitapur,Karnātaka,17.120100,77.086900
1356069377,Closepet,Karnātaka,12.723000,77.286000
1356009987,Coondapoor,Karnātaka,13.631300,74.690200
1356008490,Dambal,Karnātaka,15.296000,75.773700
1356782464,Dandeli,Karnātaka,15.266700,74.616700
1356527899,Daroji,Karnātaka,15.070000,76.550000
1356103194,Dasarhalli,Karnātaka,13.046500,77.513000
1356445061,Davangere,Karnātaka,14.466600,75.924200
1356079708,Deodrug,Karnātaka,16.416700,76.934100
1356890594,Deshnur,Karnātaka,15.790000,74.750000
1356286455,Devanhalli,Karnātaka,13.230000,77.700000
1356329624,Devgeri,Karnātaka,14.851200,75.370500
1356002052,Devi Hosur,Karnātaka,14.785800,75.333500
1356053071,Dhanur Kalyanwadi,Karnātaka,17.770000,77.140000
1356767274,Dharmastala,Karnātaka,12.947900,75.380700
1356716579,Dod Ballapur,Karnātaka,13.292000,77.543000
1356082600,Dodarasinakere,Karnātaka,12.508300,77.020000
1356096422,Dodda Siddavvanahalli,Karnātaka,14.220000,76.400000
1356227049,Doddanahalli,Karnātaka,12.389200,76.967200
1356071410,Dodvad,Karnātaka,15.790000,74.750000
1356933363,Dommasandra,Karnātaka,12.878100,77.754300
1356007597,Donabagatta,Karnātaka,13.895100,75.701500
1356140754,Doranahalli,Karnātaka,16.732400,76.916200
1356701425,Emmiganuru,Karnātaka,15.150000,76.920000
1356131799,Fraserpet,Karnātaka,12.458700,75.960500
1356659359,Gadag,Karnātaka,15.416700,75.616700
1356054157,Gajendragarh,Karnātaka,15.736300,75.969800
1356818124,Gajiginhalu,Karnātaka,15.696900,76.664700
1356046792,Galatge,Karnātaka,16.420000,74.580000
1356899767,Gangawati,Karnātaka,15.430000,76.530000
1356041450,Gangoli,Karnātaka,13.650000,74.666700
1356496793,Garag,Karnātaka,15.575000,74.929700
1356067155,Ghat Borul,Karnātaka,17.770000,77.140000
1356269894,Gokak,Karnātaka,16.166700,74.833300
1356619240,Gokarn,Karnātaka,14.550000,74.316700
1356151416,Gonikoppal,Karnātaka,12.183000,75.929400
1356312142,Goribidnur,Karnātaka,13.611100,77.516700
1356784156,Gubbi,Karnātaka,13.312200,76.941000
1356313738,Gudgeri,Karnātaka,15.122500,75.365300
1356951451,Gudibanda,Karnātaka,13.671100,77.704200
1356203125,Gugi,Karnātaka,16.729200,76.746900
1356091187,Gulbarga,Karnātaka,17.329000,76.825000
1356735858,Guledagudda,Karnātaka,16.050200,75.790000
1356073035,Gundlupet,Karnātaka,11.800000,76.680000
1356120396,Gurgunta,Karnātaka,16.287500,76.631900
1356040973,Gurmatkal,Karnātaka,16.867700,77.390900
1356063552,Guttal,Karnātaka,14.833300,75.633300
1356369905,Hadagalli,Karnātaka,15.020000,75.950000
1356395805,Hagaribommanahalli,Karnātaka,15.040000,76.200000
1356918529,Halavagalu,Karnātaka,14.708300,75.775300
1356970915,Haldipur,Karnātaka,14.333300,74.433300
1356119169,Hale Dyamavvanahalli,Karnātaka,14.268200,76.490400
1356531325,Halge,Karnātaka,15.880000,74.560000
1356572622,Halgeri,Karnātaka,14.555100,75.609900
1356976826,Halgur,Karnātaka,12.250000,77.130000
1356028927,Haliyal,Karnātaka,15.329400,74.763300
1356060970,Halsur,Karnātaka,17.860000,76.950000
1356799012,Hanamsagar,Karnātaka,15.872200,76.043100
1356154406,Hangal,Karnātaka,14.764600,75.124600
1356220990,Hanur,Karnātaka,12.087400,77.302100
1356008032,Harihar,Karnātaka,14.512900,75.807200
1356851750,Harohalli,Karnātaka,12.680700,77.474300
1356150852,Harpanahalli,Karnātaka,14.787700,75.988600
1356007455,Hassan,Karnātaka,13.005000,76.102800
1356672211,Hatti,Karnātaka,16.198400,76.660400
1356765054,Hatti Mattur,Karnātaka,14.943500,75.423900
1356859648,Havanur,Karnātaka,14.866700,75.700000
1356283006,Haveri,Karnātaka,14.793500,75.404500
1356109745,Hebli,Karnātaka,15.485800,75.128300
1356565528,Hegde,Karnātaka,14.466700,74.416700
1356368626,Heggadadevankote,Karnātaka,12.088100,76.329600
1356024511,Hejamadi,Karnātaka,13.106200,74.783900
1356020701,Herohalli,Karnātaka,12.991100,77.487300
1356756215,Hesarghatta,Karnātaka,13.139100,77.478300
1356494231,Hindalgi,Karnātaka,16.136400,74.654700
1356087528,Hipparga,Karnātaka,17.456800,76.373900
1356078789,Hire Megalageri,Karnātaka,14.544000,75.977600
1356087442,Hire Vadvatti,Karnātaka,15.223500,75.783100
1356923875,Hirehadagalli,Karnātaka,14.926700,75.832200
1356830404,Hirehalli,Karnātaka,14.320000,76.640000
1356863080,Hirekerur,Karnātaka,14.455100,75.395200
1356254728,Hiriyur,Karnātaka,13.944600,76.617200
1356622289,Holagondi,Karnātaka,15.020000,75.950000
1356272144,Holalkere,Karnātaka,14.042900,76.185000
1356365780,Holalu,Karnātaka,15.020000,75.950000
1356844043,Hole Narsipur,Karnātaka,12.786300,76.243300
1356899456,Hombal,Karnātaka,15.516400,75.555600
1356768839,Homnabad,Karnātaka,17.770700,77.125200
1356841107,Honavar,Karnātaka,14.280900,74.445000
1356655134,Honganur,Karnātaka,12.604400,77.217500
1356158563,Honge,Karnātaka,15.880000,74.560000
1356028341,Honnali,Karnātaka,14.239900,75.647400
1356720095,Honwad,Karnātaka,16.810000,75.420000
1356696783,Horti,Karnātaka,17.170000,75.960000
1356059145,Hosahalli,Karnātaka,15.314000,76.315100
1356110096,Hosakote,Karnātaka,14.281700,77.174200
1356933529,Hosdurga,Karnātaka,13.796300,76.284100
1356676321,Hoskote,Karnātaka,13.072100,77.789200
1356241463,Hospet,Karnātaka,15.268900,76.390900
1356802606,Hosur,Karnātaka,15.820100,74.930100
1356225740,Hosuru,Karnātaka,13.739900,77.431200
1356102365,Hubli,Karnātaka,15.361900,75.123100
1356079069,Hudem,Karnātaka,14.910000,76.400000
1356892943,Hukeri,Karnātaka,16.230000,74.600000
1356389739,Hulgur,Karnātaka,15.083300,75.283300
1356127585,Huliyar,Karnātaka,13.583300,76.550000
1356580585,Hulkoti,Karnātaka,15.433300,75.533300
1356006254,Hullahalli,Karnātaka,12.100000,76.550000
1356920046,Hunasagi,Karnātaka,16.457500,76.523900
1356150700,Hunasamaranhalli,Karnātaka,13.143500,77.620000
1356140443,Hungund,Karnātaka,16.062100,76.058600
1356412744,Hunsur,Karnātaka,12.303600,76.292700
1356096421,Ilkal,Karnātaka,15.959200,76.113500
1356047992,Indi,Karnātaka,17.177300,75.952600
1356013567,Ingleshwar,Karnātaka,16.590000,75.960000
1356122733,Itiki,Karnātaka,14.951000,76.094400
1356605315,Jagalur,Karnātaka,14.519600,76.339100
1356033556,Jalhalli,Karnātaka,13.033300,77.550000
1356088739,Jalihalli,Karnātaka,16.364300,76.781300
1356176073,Javagallu,Karnātaka,13.300000,76.066700
1356240955,Jawalgeri,Karnātaka,15.865600,76.815600
1356918542,Jevargi,Karnātaka,17.013900,76.773200
1356570809,Jigani,Karnātaka,12.786100,77.638500
1356650152,Kadganchi,Karnātaka,17.443700,76.659500
1356331923,Kadlabalu,Karnātaka,15.040000,76.200000
1356013157,Kadoli,Karnātaka,15.880000,74.560000
1356837882,Kadur,Karnātaka,13.552900,76.011600
1356636951,Kaglipur,Karnātaka,12.800600,77.508200
1356529394,Kakhandiki,Karnātaka,16.601000,75.640500
1356448614,Kaladgi,Karnātaka,16.204000,75.500000
1356168546,Kalakeri,Karnātaka,16.666700,76.300000
1356171994,Kalas,Karnātaka,15.098100,75.406700
1356141567,Kalasa,Karnātaka,13.234000,75.355300
1356966430,Kalghatgi,Karnātaka,15.183200,74.971000
1356359480,Kalgi,Karnātaka,17.350000,77.150000
1356030366,Kalkuni,Karnātaka,14.600000,74.833300
1356064038,Kallur,Karnātaka,16.140500,77.208100
1356476518,Kamalapuram,Karnātaka,15.304400,76.476500
1356727189,Kamalnagar,Karnātaka,18.231000,77.179100
1356432660,Kamdoli,Karnātaka,15.204800,75.254900
1356369488,Kamlapur,Karnātaka,17.578600,76.988700
1356155899,Kampli,Karnātaka,15.406300,76.600100
1356968867,Kanabur,Karnātaka,13.352300,75.451700
1356508823,Kanajanahalli,Karnātaka,14.109200,76.838100
1356065416,Kanamadi,Karnātaka,16.830000,75.730000
1356211647,Kanangle,Karnātaka,16.290000,74.600000
1356203518,Kannulu,Karnātaka,12.868500,74.902500
1356124284,Kanur,Karnātaka,17.031800,75.702200
1356183073,Kanyana,Karnātaka,12.900000,75.030000
1356050075,Karajgi,Karnātaka,14.864100,75.453500
1356181309,Karebilachi,Karnātaka,14.144900,75.903200
1356095325,Karkala,Karnātaka,13.200000,74.980000
1356118021,Karwar,Karnātaka,14.813600,74.129700
1356421952,Kasarkod,Karnātaka,14.250000,74.433300
1356774848,Katkol,Karnātaka,15.950000,75.300000
1356573615,Kaujalgi,Karnātaka,16.140000,74.810000
1356546199,Kawadgaon,Karnātaka,17.910000,77.530000
1356653155,Kembhavi,Karnātaka,16.650000,76.533300
1356059285,Kengri,Karnātaka,12.912200,77.482700
1356059262,Keregodu,Karnātaka,12.633300,76.916700
1356020053,Kerur,Karnātaka,16.013800,75.546300
1356772159,Khanapur,Karnātaka,15.639400,74.508300
1356502789,Kinhalu,Karnātaka,15.443100,76.139700
1356299382,Kirangur,Karnātaka,12.431600,76.699300
1356070622,Kittur,Karnātaka,15.600000,74.900000
1356674382,Kodigenahalli,Karnātaka,13.721400,77.386300
1356599563,Kolagallu,Karnātaka,15.150000,76.920000
1356953848,Kolar,Karnātaka,13.133300,78.133300
1356246344,Kollegal,Karnātaka,12.062800,76.977700
1356761377,Kolnad,Karnātaka,12.900000,75.030000
1356077319,Konaje,Karnātaka,12.816200,74.902100
1356335922,Konanur,Karnātaka,12.633300,76.050000
1356106236,Kondalahalli,Karnātaka,14.720000,76.760000
1356849669,Konen Agrahar,Karnātaka,12.857400,77.664000
1356390932,Kongaralli,Karnātaka,12.150000,77.100000
1356140426,Konnur,Karnātaka,16.201400,74.748900
1356544817,Koppal,Karnātaka,15.350000,76.150000
1356799783,Koratagere,Karnātaka,13.522000,77.237300
1356316435,Koratgi,Karnātaka,15.608100,76.659700
1356887057,Korwar,Karnātaka,16.920000,76.240000
1356761018,Kot Umachigi,Karnātaka,15.542600,75.771000
1356152754,Kotekara,Karnātaka,12.792900,74.872200
1356687235,Koteshwar,Karnātaka,13.607000,74.750000
1356041615,Kotturu,Karnātaka,14.826200,76.225900
1356546461,Kowdalli,Karnātaka,12.067000,77.443800
1356899885,Krishnarajasagara,Karnātaka,12.439800,76.382800
1356263747,Krishnarajpet,Karnātaka,12.666200,76.487700
1356007149,Krishnarajpur,Karnātaka,13.012000,77.695100
1356860757,Kudachi,Karnātaka,16.480000,74.780000
1356240727,Kudatini,Karnātaka,15.150000,76.920000
1356159023,Kudligi,Karnātaka,14.905000,76.385300
1356441553,Kuduru,Karnātaka,13.108100,77.164200
1356746140,Kukkundur,Karnātaka,13.240400,74.954100
1356472470,Kuknur,Karnātaka,15.490000,75.991400
1356514231,Kumta,Karnātaka,14.426400,74.412200
1356628344,Kundgol,Karnātaka,15.256100,75.247400
1356196460,Kunigal,Karnātaka,13.023200,77.025200
1356608991,Kurdi,Karnātaka,16.051100,77.211400
1356004478,Kurgunta,Karnātaka,17.200000,77.360000
1356140124,Kurikuppi,Karnātaka,15.070000,76.550000
1356640663,Kurtkoti,Karnātaka,15.368100,75.523900
1356352581,Kurugodu,Karnātaka,15.346000,76.836000
1356579284,Kushtagi,Karnātaka,15.756200,76.191100
1356568466,Kusugal,Karnātaka,15.366700,75.216700
1356185789,Laila,Karnātaka,12.990000,75.270000
1356271975,Lakkundi,Karnātaka,15.389700,75.718300
1356038836,Lakshmeshwar,Karnātaka,15.130000,75.470000
1356924817,Lingsugur,Karnātaka,16.170000,76.520000
1356341352,Lokapur,Karnātaka,16.165600,75.366000
1356747611,Maddagiri,Karnātaka,13.660000,77.210000
1356609242,Madikeri,Karnātaka,12.420900,75.739700
1356069320,Maduvanalli,Karnātaka,12.150000,77.100000
1356879362,Magadi,Karnātaka,12.970000,77.230000
1356693245,Mahagaon,Karnātaka,17.521100,76.915000
1356629438,Mailapur,Karnātaka,13.021000,77.938000
1356105259,Majali,Karnātaka,14.900000,74.100000
1356462481,Malapannanagudi,Karnātaka,15.280000,76.370000
1356817840,Malavalli,Karnātaka,12.380000,77.080000
1356684839,Malebennur,Karnātaka,14.353700,75.740000
1356531822,Malkhaid,Karnātaka,17.195000,77.160800
1356021243,Mamdapur,Karnātaka,16.140000,74.810000
1356126825,Manchenahalli,Karnātaka,13.500700,77.603500
1356491335,Manchi,Karnātaka,12.900000,75.030000
1356039212,Mandya,Karnātaka,12.524200,76.895800
1356138601,Mangala,Karnātaka,11.999800,76.959400
1356972351,Mangalore,Karnātaka,12.902000,74.825300
1356135126,Manglur,Karnātaka,15.517700,76.147600
1356744782,Manjanadi,Karnātaka,12.870000,74.840000
1356081803,Manjri,Karnātaka,16.420000,74.580000
1356053114,Manki,Karnātaka,14.178900,74.481800
1356494614,Manne Ekeli,Karnātaka,17.720000,77.360000
1356143550,Mannur,Karnātaka,17.299400,76.098400
1356767918,Manoli,Karnātaka,15.780000,75.120000
1356314428,Manvi,Karnātaka,15.983300,77.050000
1356575497,Mariyammanahalli,Karnātaka,15.160000,76.360000
1356788728,Marne,Karnātaka,13.328400,75.011300
1356168320,Martahalli,Karnātaka,11.991900,77.497200
1356675033,Mashyal,Karnātaka,17.322600,76.240700
1356780515,Maski,Karnātaka,15.958100,76.656900
1356052569,Matala,Karnātaka,17.824400,76.859100
1356123179,Mavalli,Karnātaka,14.100000,74.483300
1356007792,Medleri,Karnātaka,14.666700,75.733300
1356481655,Mishrikot,Karnātaka,15.246500,75.056700
1356849105,Miyar,Karnātaka,13.194500,75.048400
1356765626,Moka,Karnātaka,15.238000,77.059900
1356340126,Molakalumuru,Karnātaka,14.717800,76.746800
1356443568,Morab,Karnātaka,15.583300,75.166700
1356357981,Motibennur,Karnātaka,14.715000,75.480000
1356646886,Mudashedde,Karnātaka,12.930000,74.880000
1356755135,Mudbidri,Karnātaka,12.910100,75.003000
1356094712,Muddebihal,Karnātaka,16.330000,76.130000
1356762864,Mudgal,Karnātaka,16.011900,76.442000
1356875205,Mudgere,Karnātaka,13.130000,75.630000
1356934677,Mudhol,Karnātaka,15.640600,75.953100
1356535403,Mulbagal,Karnātaka,13.163500,78.393500
1356406320,Mulgund,Karnātaka,15.280700,75.521300
1356361914,Mulki,Karnātaka,13.100000,74.800000
1356700482,Mundargi,Karnātaka,15.207000,75.884000
1356108329,Mundgod,Karnātaka,14.971400,75.036600
1356076863,Munnuru,Karnātaka,12.828300,74.880300
1356881678,Murgod,Karnātaka,15.780000,75.120000
1356779323,Mysore,Karnātaka,12.308600,76.653100
1356233043,Nadisal,Karnātaka,13.132600,74.777700
1356823510,Nagamangala,Karnātaka,12.819400,76.754600
1356868987,Nagasamudra,Karnātaka,14.720000,76.760000
1356765093,Nagathan,Karnātaka,16.830000,75.730000
1356355171,Nagnur,Karnātaka,16.140000,74.810000
1356073992,Nallur,Karnātaka,14.087100,75.877800
1356610966,Nalwar,Karnātaka,16.933300,76.983300
1356697205,Nanjangud,Karnātaka,12.120000,76.680000
1356403111,Narasimharajapura,Karnātaka,13.610800,75.512000
1356094667,Narayanpur,Karnātaka,17.858900,76.973300
1356850764,Naregal,Karnātaka,15.573200,75.808000
1356088988,Nargund,Karnātaka,15.720000,75.380000
1356061069,Narikombu,Karnātaka,12.900000,75.030000
1356458639,Narona,Karnātaka,17.515600,76.718200
1356120941,Navalgund,Karnātaka,15.570000,75.370000
1356856848,Nayakanhatti,Karnātaka,14.464400,76.545100
1356115803,Neginhal,Karnātaka,15.790000,74.750000
1356059359,Neglur,Karnātaka,14.900000,75.600000
1356943451,Nelamangala,Karnātaka,13.102000,77.374000
1356772334,Nesarg,Karnātaka,15.906900,74.774000
1356334960,Nidgundi,Karnātaka,16.700000,75.530000
1356783830,Nirna,Karnātaka,17.770000,77.140000
1356038440,Nitte,Karnātaka,13.182300,74.939700
1356323163,Nulvi,Karnātaka,15.272800,75.167300
1356399864,Nyamti,Karnātaka,14.140000,75.560000
1356066054,Pachhapur,Karnātaka,16.290000,74.600000
1356986475,Parasurampur,Karnātaka,14.320000,76.640000
1356037404,Pavugada,Karnātaka,14.100000,77.280000
1356604629,Perdur,Karnātaka,13.384400,74.902900
1356018863,Piriyapatna,Karnātaka,12.336500,76.079200
1356920085,Pudu,Karnātaka,12.866700,74.967300
1356600392,Punacha,Karnātaka,12.900000,75.030000
1356940923,Puttige,Karnātaka,13.075100,74.959700
1356466163,Puttur,Karnātaka,12.764800,75.184200
1356217280,Raichur,Karnātaka,16.200000,77.370000
1356367448,Rajasur,Karnātaka,17.860000,76.950000
1356066693,Rampura,Karnātaka,14.881000,76.781400
1356823654,Ranibennur,Karnātaka,14.616700,75.616700
1356157793,Ratnahalli,Karnātaka,12.192200,76.665300
1356898380,Rattihalli,Karnātaka,14.416700,75.500000
1356002612,Raybag,Karnātaka,16.480000,74.780000
1356245899,Robertsonpet,Karnātaka,12.956300,78.275400
1356685730,Ron,Karnātaka,15.670000,75.730000
1356698875,Sadalgi,Karnātaka,16.420000,74.580000
1356424629,Sagar,Karnātaka,14.166700,75.033300
1356540508,Sakleshpur,Karnātaka,12.893000,75.725000
1356676972,Saligrama,Karnātaka,12.560200,76.261100
1356787208,Salotgi,Karnātaka,17.170000,75.960000
1356592011,Sambre,Karnātaka,15.880000,74.560000
1356076024,Sandur,Karnātaka,15.100000,76.550000
1356704546,Sanganakallu,Karnātaka,15.184700,76.970300
1356062129,Sankeshwar,Karnātaka,16.270000,74.480000
1356024084,Sante Bennur,Karnātaka,14.169700,76.003300
1356430206,Sargur,Karnātaka,11.999700,76.396100
1356750832,Sarjapur,Karnātaka,12.860000,77.786000
1356349288,Satyamangala,Karnātaka,13.019300,76.124300
1356668148,Saundatti,Karnātaka,15.783300,75.116700
1356696879,Saunshi,Karnātaka,15.216700,75.300000
1356627378,Savadi,Karnātaka,15.646900,75.675800
1356087192,Savalgi,Karnātaka,16.671000,75.351500
1356852026,Savanur,Karnātaka,14.973100,75.332800
1356028650,Seram,Karnātaka,17.183000,77.283000
1356480887,Shahpur,Karnātaka,16.700000,76.830000
1356596367,Shelawadi,Karnātaka,15.583300,75.466700
1356920600,Shiddapur,Karnātaka,13.663500,74.912100
1356564009,Shiggaon,Karnātaka,14.991000,75.223000
1356373493,Shikarpur,Karnātaka,14.270000,75.350000
1356016156,Shimoga,Karnātaka,13.933300,75.566700
1356090688,Shirali,Karnātaka,14.029700,74.528000
1356212437,Shirbadgi,Karnātaka,16.041700,75.943300
1356225676,Shirhatti,Karnātaka,15.231300,75.577200
1356227953,Shiruru,Karnātaka,13.908000,74.605800
1356203404,Shirva,Karnātaka,13.246500,74.844400
1356512373,Shorapur,Karnātaka,16.520000,76.760000
1356689943,Shrirangapattana,Karnātaka,12.414000,76.704000
1356082098,Siddapur,Karnātaka,14.347000,74.894000
1356124653,Siddarampuram,Karnātaka,15.530000,76.636000
1356672381,Sidlaghatta,Karnātaka,13.390000,77.860000
1356206388,Sigli,Karnātaka,15.063100,75.466700
1356158626,Sindgi,Karnātaka,16.920000,76.234000
1356158630,Sindhnur,Karnātaka,15.770000,76.755600
1356185657,Singanamane,Karnātaka,13.716700,75.633300
1356563968,Sira,Karnātaka,13.745000,76.909000
1356798171,Siralkoppa,Karnātaka,14.380700,75.250100
1356573407,Sirigeri,Karnātaka,15.630000,76.900000
1356142917,Sirsi,Karnātaka,14.619500,74.835400
1356620756,Siruguppa,Karnātaka,15.600000,77.000000
1356261996,Sirur,Karnātaka,16.096500,75.785800
1356081620,Sirvar,Karnātaka,16.173900,77.022500
1356292931,Somasamudram,Karnātaka,15.150000,76.920000
1356143374,Somvarpet,Karnātaka,12.597000,75.849600
1356932920,Sorab,Karnātaka,14.381400,75.091800
1356105503,Sosale,Karnātaka,12.233000,76.917000
1356515219,Srinivaspur,Karnātaka,13.337800,78.212200
1356384643,Sulahpet,Karnātaka,17.401400,77.347200
1356569298,Sulebhavi,Karnātaka,15.880000,74.560000
1356063861,Sulibele,Karnātaka,13.166700,77.800000
1356024884,Sulya,Karnātaka,12.561000,75.387400
1356228981,Tadas,Karnātaka,15.133300,75.116700
1356235838,Talakad,Karnātaka,12.188700,77.028900
1356943515,Talikota,Karnātaka,16.480000,76.320000
1356102514,Tamba,Karnātaka,17.000100,75.993400
1356605610,Tansandra,Karnātaka,13.055400,77.634200
1356964443,Tarikere,Karnātaka,13.710400,75.812200
1356671680,Tawargeri,Karnātaka,15.766700,76.533300
1356141123,Tekkalakote,Karnātaka,15.534800,76.878500
1356300287,Telsang,Karnātaka,16.720000,75.060000
1356466911,Terakanambi,Karnātaka,11.800000,76.690000
1356680781,Terdal,Karnātaka,16.500000,75.050000
1356111905,Thogaduru,Karnātaka,12.095700,76.807800
1356758412,Tilvalli,Karnātaka,14.626800,75.231000
1356059008,Tiptur,Karnātaka,13.260000,76.480000
1356259197,Tirthahalli,Karnātaka,13.688400,75.245500
1356885614,Tirumakudal Narsipur,Karnātaka,12.212100,76.901800
1356639374,Tonse East,Karnātaka,13.396300,74.721700
1356117843,Tonse West,Karnātaka,13.396800,74.706900
1356375094,Tuminkatti,Karnātaka,14.413100,75.620600
1356033724,Tumkur,Karnātaka,13.340000,77.100000
1356364510,Turbihal,Karnātaka,15.761400,76.596400
1356997813,Turuvanur,Karnātaka,14.220000,76.400000
1356316443,Turuvekere,Karnātaka,13.163700,76.666400
1356743390,Tyamagondal,Karnātaka,13.213700,77.301000
1356005611,Uchagaon,Karnātaka,15.880000,74.560000
1356742899,Uchchangidurgam,Karnātaka,14.561400,76.053700
1356145399,Udipi,Karnātaka,13.338900,74.745100
1356112857,Udiyavara,Karnātaka,13.309700,74.736600
1356143234,Ugargol,Karnātaka,15.780000,75.120000
1356154319,Ujjini,Karnātaka,14.910000,76.400000
1356113904,Ujre,Karnātaka,12.996100,75.324800
1356760534,Ukkali,Karnātaka,16.590000,75.960000
1356227509,Ullal,Karnātaka,12.800000,74.850000
1356871048,Uppinangadi,Karnātaka,12.770000,75.220000
1356058339,Uppunda,Karnātaka,13.833300,74.616700
1356256486,Uppur,Karnātaka,13.394500,74.765700
1356133781,Vadigenhalli,Karnātaka,13.290000,77.800000
1356031405,Virarajendrapet,Karnātaka,12.196400,75.805100
1356920016,Vittal,Karnātaka,12.766000,75.122000
1356118062,Wadgira,Karnātaka,16.585800,77.098000
1356659332,Wadi,Karnātaka,17.070000,76.980000
1356567613,Yaragol,Karnātaka,16.904700,77.066100
1356949845,Yargatti,Karnātaka,15.966700,75.016700
1356687431,Yedrami,Karnātaka,16.866700,76.533300
1356023507,Yedtare,Karnātaka,13.924600,74.617100
1356308936,Yelahanka,Karnātaka,13.100700,77.596300
1356224174,Yelandur,Karnātaka,12.070000,77.030000
1356002309,Yellapur,Karnātaka,14.963700,74.709300
1356581985,Yelur,Karnātaka,15.781700,74.517800
1356293762,Alleppey,Kerala,9.490000,76.330000
1356109728,Alwaye,Kerala,10.116700,76.350000
1356561428,Angamali,Kerala,10.200000,76.400000
1356261188,Attingal,Kerala,8.680000,76.830000
1356725281,Ayirapuram,Kerala,9.878100,76.303900
1356592326,Beypore,Kerala,11.180000,75.820000
1356010401,Calicut,Kerala,11.250000,75.770000
1356147157,Cannanore,Kerala,11.868900,75.355500
1356162984,Chalungalpadam,Kerala,9.689600,76.338800
1356848735,Changanacheri,Kerala,9.466700,76.550000
1356065021,Chavakkad,Kerala,10.589000,76.016700
1356007942,Chengannur,Kerala,9.320000,76.621500
1356146032,Guruvayur,Kerala,10.594700,76.040300
1356196702,Irinjalakuda,Kerala,10.351400,76.217800
1356036784,Kaippakancheri,Kerala,10.938000,75.987000
1356102360,Kalpatta,Kerala,11.608800,76.081400
1356114855,Kanhangad,Kerala,12.300000,75.090000
1356160595,Karunagapalli,Kerala,9.054400,76.535300
1356447666,Karuvambram,Kerala,11.027100,76.106200
1356423448,Kasaragod,Kerala,12.500000,75.000000
1356034553,Kattanam,Kerala,9.183300,76.550000
1356157010,Kayankulam,Kerala,9.172000,76.501000
1356982203,Kizhake Chalakudi,Kerala,10.300000,76.330000
1356707865,Kochi,Kerala,9.970000,76.280000
1356492886,Kodungallur,Kerala,10.233800,76.194600
1356307269,Kottayam,Kerala,9.594700,76.485600
1356769956,Kunnamkulam,Kerala,10.650000,76.080000
1356042076,Kuttuparamba,Kerala,11.830000,75.580000
1356686273,Mahe,Kerala,11.701100,75.536700
1356088136,Malappuram,Kerala,11.058800,76.069300
1356458902,Mangalam,Kerala,10.845000,75.919000
1356408570,Manjeri,Kerala,11.119700,76.131000
1356016342,Mattanur,Kerala,11.931000,75.572000
1356198372,Mavelikara,Kerala,9.267000,76.550000
1356561612,Muvattupula,Kerala,9.979800,76.580300
1356104296,Nedumangad,Kerala,8.603300,77.002800
1356593739,Nethirimangalam,Kerala,10.800000,76.140000
1356102882,Nettanige,Kerala,12.610100,75.172000
1356391337,Neyyattinkara,Kerala,8.400000,77.080000
1356722613,Nilambur,Kerala,11.276900,76.225800
1356181054,Ottappalam,Kerala,10.770000,76.380000
1356115164,Palghat,Kerala,10.779200,76.654700
1356670967,Panniyannur,Kerala,11.753800,75.552800
1356597627,Pappinissheri,Kerala,11.950000,75.350000
1356176530,Paravur Tekkumbhagam,Kerala,8.811000,76.669000
1356164027,Paravurkambolam,Kerala,8.816800,76.671900
1356059485,Pathanamthitta,Kerala,9.264800,76.787000
1356149780,Payyannur,Kerala,12.150000,75.150000
1356811920,Perintalmanna,Kerala,10.976500,76.226900
1356740621,Perumbalam,Kerala,10.800000,76.140000
1356710596,Ponnani,Kerala,10.770000,75.900000
1356204795,Pullappalli,Kerala,9.713300,76.687300
1356688710,Punalur,Kerala,9.017000,76.926000
1356016714,Puthupalli,Kerala,9.559400,76.572200
1356719358,Quilandi,Kerala,11.439000,75.695000
1356304110,Quilon,Kerala,8.880000,76.600000
1356986621,Shertallai,Kerala,9.686900,76.336100
1356075746,Shoranur,Kerala,10.770000,76.280000
1356781430,Talipparamba,Kerala,12.036800,75.360100
1356231014,Tellicherry,Kerala,11.748900,75.507000
1356024354,Thiruvananthapuram,Kerala,8.487500,76.952500
1356646583,Tirur,Kerala,10.900000,75.920000
1356161410,Tiruvalla,Kerala,9.385600,76.575600
1356886530,Todupulai,Kerala,9.896900,76.711300
1356589298,Trichur,Kerala,10.520000,76.210000
1356068495,Tripunittura,Kerala,9.952800,76.338700
1356130026,Vaikam,Kerala,9.766700,76.400000
1356143594,Varandarapilli,Kerala,10.416700,76.333300
1356864441,Varisshiyakuni,Kerala,11.640000,75.587000
1356117903,Varkkallai,Kerala,8.734000,76.725600
1356074174,Leh,Ladākh,34.164200,77.584700
1356089869,Kavaratti,Lakshadweep,10.562600,72.636900
1356322371,Agar,Madhya Pradesh,23.711800,76.015700
1356098210,Ajaigarh,Madhya Pradesh,24.898800,80.259200
1356169043,Akora,Madhya Pradesh,26.472100,78.798900
1356726047,Alampur,Madhya Pradesh,26.025100,78.797000
1356128424,Alipura,Madhya Pradesh,25.175300,79.335600
1356017810,Allahpur,Madhya Pradesh,26.343400,77.819500
1356973374,Amanganj,Madhya Pradesh,24.426600,80.035800
1356524463,Amarpatan,Madhya Pradesh,24.313700,80.977000
1356152620,Amarwara,Madhya Pradesh,22.297800,79.169400
1356274623,Amayan,Madhya Pradesh,26.320500,78.758100
1356784325,Ambara,Madhya Pradesh,22.189200,78.690300
1356061312,Amjhera,Madhya Pradesh,22.557800,75.118500
1356126635,Amla,Madhya Pradesh,21.924800,78.127900
1356029275,Anjad,Madhya Pradesh,22.041700,75.055200
1356016828,Antri,Madhya Pradesh,26.058100,78.210000
1356181149,Anuppur,Madhya Pradesh,23.103400,81.690800
1356667099,Aranya Kalan,Madhya Pradesh,23.244800,76.743500
1356401971,Aron,Madhya Pradesh,24.381100,77.417400
1356679678,Ashoknagar,Madhya Pradesh,24.580000,77.730000
1356002731,Ashta,Madhya Pradesh,23.017500,76.722100
1356056396,Atner,Madhya Pradesh,21.623800,77.915200
1356891203,Babai,Madhya Pradesh,22.702600,77.934900
1356961150,Babai Kalan,Madhya Pradesh,22.831300,78.677400
1356131576,Badarwas,Madhya Pradesh,24.975200,77.564900
1356417675,Badnawar,Madhya Pradesh,23.021800,75.232700
1356915210,Bag,Madhya Pradesh,22.359000,74.790500
1356421111,Bagchini,Madhya Pradesh,26.481700,77.818500
1356499857,Bagli,Madhya Pradesh,22.641200,76.348800
1356149062,Bahadarpur,Madhya Pradesh,21.292200,76.180600
1356452972,Baihar,Madhya Pradesh,22.101300,80.549700
1356049328,Baikunthpur,Madhya Pradesh,24.727700,81.409800
1356979188,Baldeogarh,Madhya Pradesh,24.756200,79.067200
1356059231,Balia,Madhya Pradesh,24.243300,75.806100
1356037786,Balvadi,Madhya Pradesh,21.441200,75.223000
1356975130,Bamaur,Madhya Pradesh,26.339000,78.101000
1356499672,Bamhni,Madhya Pradesh,22.482200,80.371600
1356480906,Bamora,Madhya Pradesh,24.055400,78.089300
1356803031,Banda,Madhya Pradesh,24.044900,78.960900
1356075878,Bankheri,Madhya Pradesh,22.769600,78.534100
1356842746,Bara Malehra,Madhya Pradesh,24.568100,79.306900
1356042472,Baragaon,Madhya Pradesh,24.568200,79.018500
1356951273,Bareh,Madhya Pradesh,26.678600,78.188700
1356660345,Barela,Madhya Pradesh,23.096800,80.050800
1356547277,Barghat,Madhya Pradesh,22.030600,79.732800
1356453912,Barhi,Madhya Pradesh,23.903300,80.815200
1356681737,Barigarh,Madhya Pradesh,25.232500,80.034700
1356176667,Barjhar,Madhya Pradesh,22.601200,74.247100
1356670874,Barkuhi,Madhya Pradesh,22.190100,78.704700
1356118388,Barnagar,Madhya Pradesh,23.048900,75.378000
1356772699,Barod,Madhya Pradesh,23.788900,75.811600
1356959440,Baroda,Madhya Pradesh,25.500000,76.650000
1356096106,Baroni Khurd,Madhya Pradesh,25.685200,78.374600
1356142011,Barud,Madhya Pradesh,21.749700,75.527000
1356059503,Barwah,Madhya Pradesh,22.253900,76.038500
1356935870,Barwani,Madhya Pradesh,22.030000,74.900000
1356486235,Basoda,Madhya Pradesh,23.851500,77.936500
1356623727,Begamganj,Madhya Pradesh,23.599200,78.340600
1356847193,Beohari,Madhya Pradesh,24.024200,81.378300
1356531444,Berasia,Madhya Pradesh,23.614600,77.464500
1356175073,Berchha,Madhya Pradesh,23.282300,76.319900
1356357879,Betma,Madhya Pradesh,22.680000,75.620000
1356866032,Betul Bazar,Madhya Pradesh,21.920000,77.900000
1356758250,Bhainsdehi,Madhya Pradesh,21.644900,77.630200
1356914068,Bhainsoda,Madhya Pradesh,24.442700,75.840300
1356939371,Bhander,Madhya Pradesh,25.735800,78.745600
1356689479,Bhanpura,Madhya Pradesh,24.510800,75.748300
1356701708,Bharweli,Madhya Pradesh,21.837300,80.227100
1356551393,Bhelsi,Madhya Pradesh,24.786600,79.128100
1356023125,Bhind,Madhya Pradesh,26.558700,78.787100
1356863827,Bhitarwar,Madhya Pradesh,25.792200,78.110800
1356734039,Bhopal,Madhya Pradesh,23.250000,77.416700
1356147862,Biaora,Madhya Pradesh,23.916300,76.911200
1356820272,Bijaipur,Madhya Pradesh,26.055600,77.369700
1356698004,Bijawar,Madhya Pradesh,24.623500,79.489900
1356705903,Bijeraghogarh,Madhya Pradesh,23.995500,80.606600
1356056913,Bilaua,Madhya Pradesh,26.050100,78.275200
1356328138,Bilehra,Madhya Pradesh,23.646300,78.731100
1356052061,Bilpura,Madhya Pradesh,23.221600,79.991700
1356089275,Birsinghpur,Madhya Pradesh,24.798100,80.973900
1356954569,Bistan,Madhya Pradesh,21.697900,75.665700
1356323207,Bora,Madhya Pradesh,23.658500,76.811200
1356020676,Budhni,Madhya Pradesh,22.782500,77.682000
1356857493,Burhanpur,Madhya Pradesh,21.300000,76.230000
1356555241,Burhar,Madhya Pradesh,23.214900,81.532000
1356320894,Chandera,Madhya Pradesh,25.082900,78.978400
1356825351,Chanderi,Madhya Pradesh,24.720000,78.130000
1356153825,Chandia,Madhya Pradesh,23.656500,80.709100
1356042916,Chandla,Madhya Pradesh,25.071500,80.192900
1356321736,Chanwari,Madhya Pradesh,23.200000,82.350000
1356420556,Chhapera,Madhya Pradesh,23.894800,76.453800
1356776353,Chhatarpur,Madhya Pradesh,24.917700,79.588700
1356167692,Chhindwara,Madhya Pradesh,22.057000,78.939600
1356108572,Chichli,Madhya Pradesh,22.833600,78.826100
1356100953,Chicholi,Madhya Pradesh,22.010000,77.660000
1356092059,Chikhli Kalan,Madhya Pradesh,22.215200,78.743000
1356740443,Chinaur,Madhya Pradesh,25.946700,78.102400
1356101081,Chorhat,Madhya Pradesh,24.427400,81.669500
1356152184,Dabhaura,Madhya Pradesh,25.116200,81.304400
1356044526,Daboh,Madhya Pradesh,26.002400,78.876600
1356520849,Dabra,Madhya Pradesh,25.885700,78.332200
1356491482,Dahi,Madhya Pradesh,22.112200,74.587900
1356070737,Damoh,Madhya Pradesh,23.833100,79.441900
1356033304,Damua,Madhya Pradesh,22.192900,78.467000
1356793288,Dasai,Madhya Pradesh,22.720000,75.132100
1356903057,Datia,Madhya Pradesh,25.670000,78.470000
1356222549,Datoda,Madhya Pradesh,22.571300,75.882300
1356823134,Deodora,Madhya Pradesh,22.614900,80.361600
1356404675,Deori Khas,Madhya Pradesh,23.390200,79.016300
1356031267,Depalpur,Madhya Pradesh,22.850900,75.542200
1356740875,Devendranagar,Madhya Pradesh,24.616900,80.378900
1356070214,Devmaudaldal,Madhya Pradesh,24.631200,81.159400
1356065731,Dewas,Madhya Pradesh,22.960000,76.060000
1356172191,Dhamnod,Madhya Pradesh,22.209300,75.470600
1356586928,Dhana,Madhya Pradesh,23.747000,78.862300
1356266651,Dhar,Madhya Pradesh,22.599200,75.302800
1356493779,Dharampuri,Madhya Pradesh,22.149500,75.344400
1356129072,Dhulkot,Madhya Pradesh,21.609500,75.552200
1356113199,Dighawani,Madhya Pradesh,22.206100,78.813500
1356253897,Dinara,Madhya Pradesh,25.461300,78.320500
1356626889,Dindori,Madhya Pradesh,22.941400,81.079700
1356550673,Dobni Para,Madhya Pradesh,22.520000,74.150000
1356131164,Ekalbehri,Madhya Pradesh,21.893300,78.879400
1356854210,Eklahra,Madhya Pradesh,22.203600,78.689300
1356950925,Etawa,Madhya Pradesh,24.180000,78.200000
1356199910,Gadarwara,Madhya Pradesh,22.923500,78.784900
1356223571,Gairtganj,Madhya Pradesh,23.410200,78.220800
1356357112,Gandhwani,Madhya Pradesh,22.340000,75.004800
1356671679,Garhakota,Madhya Pradesh,23.779100,79.143200
1356870618,Garot,Madhya Pradesh,24.323400,75.652000
1356362157,Gauli Palasiya,Madhya Pradesh,22.532300,75.727500
1356053148,Gautampura,Madhya Pradesh,22.986600,75.519200
1356126141,Ghaura,Madhya Pradesh,24.505900,79.078100
1356902730,Ghogaon,Madhya Pradesh,21.910000,75.700000
1356074811,Gohadi,Madhya Pradesh,26.432800,78.442000
1356378955,Gormi,Madhya Pradesh,26.600300,78.511900
1356190496,Govindgarh,Madhya Pradesh,24.378500,81.296400
1356056608,Guna,Madhya Pradesh,24.650000,77.320000
1356075581,Gurh,Madhya Pradesh,24.502600,81.500400
1356363967,Gwalior,Madhya Pradesh,26.221500,78.178000
1356255385,Hanumana,Madhya Pradesh,24.778900,82.096000
1356762440,Harda Khas,Madhya Pradesh,22.344100,77.095400
1356310603,Harduli,Madhya Pradesh,22.927800,79.903000
1356366238,Harpalpur,Madhya Pradesh,25.287700,79.332800
1356796609,Harrai,Madhya Pradesh,22.614300,79.222100
1356273769,Harsola,Madhya Pradesh,22.569400,75.816500
1356126953,Hatod,Madhya Pradesh,22.793800,75.739300
1356546540,Hatta,Madhya Pradesh,24.134100,79.601200
1356215161,Hatwans,Madhya Pradesh,22.768300,78.346400
1356873486,Hindoria,Madhya Pradesh,23.903500,79.568600
1356003812,Hoshangabad,Madhya Pradesh,22.747500,77.727400
1356135573,Iawar,Madhya Pradesh,23.009400,76.500700
1356956102,Ichhapur,Madhya Pradesh,21.155100,76.155600
1356125192,Ichhawar,Madhya Pradesh,23.227800,77.266600
1356570714,Indargarh,Madhya Pradesh,25.910900,78.561900
1356402812,Indore,Madhya Pradesh,22.716700,75.847200
1356735093,Isagarh,Madhya Pradesh,24.839100,77.882700
1356602700,Itarsi,Madhya Pradesh,22.620000,77.750000
1356115460,Jabalpur,Madhya Pradesh,23.166700,79.933300
1356873086,Jabera,Madhya Pradesh,23.558200,79.678000
1356232050,Jaisinghnagar,Madhya Pradesh,23.685800,81.390900
1356002068,Jaitwar,Madhya Pradesh,24.732000,80.860200
1356386792,Jamai,Madhya Pradesh,22.196400,78.591900
1356111524,Jaora,Madhya Pradesh,23.630000,75.130000
1356197815,Jatara,Madhya Pradesh,25.009600,79.048700
1356986879,Jawasa,Madhya Pradesh,26.625900,78.741800
1356050748,Jhabua,Madhya Pradesh,22.767700,74.590900
1356014159,Jhonkar,Madhya Pradesh,23.236100,76.181400
1356046936,Jhundpura,Madhya Pradesh,26.347300,77.501000
1356471365,Jobat,Madhya Pradesh,22.416000,74.568300
1356211132,Jora,Madhya Pradesh,26.342100,77.809200
1356704994,Jora Khurd,Madhya Pradesh,26.489300,77.975800
1356419381,Junnardev,Madhya Pradesh,22.200000,78.580000
1356003552,Kailaras,Madhya Pradesh,26.305000,77.616000
1356202438,Kakarati,Madhya Pradesh,24.563900,80.265900
1356433450,Kampel,Madhya Pradesh,22.616700,76.050000
1356542351,Kaniwara,Madhya Pradesh,22.214500,79.736600
1356443452,Kannod,Madhya Pradesh,22.667600,76.742900
1356107107,Karahal,Madhya Pradesh,25.490900,77.054300
1356823504,Kareli,Madhya Pradesh,22.915300,79.063800
1356071073,Karera,Madhya Pradesh,25.458100,78.135800
1356249257,Kari,Madhya Pradesh,24.836800,78.866500
1356382568,Karnawad,Madhya Pradesh,22.736100,76.243900
1356374401,Karrapur,Madhya Pradesh,23.948900,78.865800
1356487430,Kasrawad,Madhya Pradesh,22.127400,75.611000
1356365601,Katangi,Madhya Pradesh,23.441200,79.796200
1356636912,Katri,Madhya Pradesh,23.480000,80.400000
1356089557,Kayatha,Madhya Pradesh,23.237000,76.018900
1356293927,Keolari,Madhya Pradesh,22.369700,79.906000
1356027856,Kesli,Madhya Pradesh,23.418300,78.806200
1356269056,Khachrod,Madhya Pradesh,23.423200,75.281900
1356993147,Khajuraho,Madhya Pradesh,24.850000,79.933300
1356078635,Khamaria,Madhya Pradesh,23.212900,80.031300
1356696980,Khandwa,Madhya Pradesh,21.820000,76.350000
1356038073,Khaniadhana,Madhya Pradesh,25.029800,78.127100
1356091431,Khargapur,Madhya Pradesh,24.823000,79.144000
1356728712,Khargone,Madhya Pradesh,21.822900,75.613900
1356816289,Kharsod B,Madhya Pradesh,23.222500,75.386000
1356796220,Khategaon,Madhya Pradesh,22.595700,76.913300
1356555426,Khathjari,Madhya Pradesh,24.704600,81.989100
1356856413,Khilchipur,Madhya Pradesh,24.039400,76.578000
1356152023,Khimlasa,Madhya Pradesh,24.205800,78.363900
1356175336,Khirkiyan,Madhya Pradesh,22.167300,76.861400
1356604233,Khujner,Madhya Pradesh,23.786000,76.617700
1356021522,Khurai,Madhya Pradesh,24.043700,78.330100
1356816838,Kirrayach,Madhya Pradesh,26.632200,78.342300
1356585675,Kod,Madhya Pradesh,22.885000,75.186200
1356585361,Kodriva,Madhya Pradesh,22.534200,75.772500
1356103434,Kolaras,Madhya Pradesh,25.219300,77.611700
1356193547,Kothi,Madhya Pradesh,24.752600,80.777500
1356711900,Kothri Kalan,Madhya Pradesh,23.072200,76.829600
1356862503,Kotma,Madhya Pradesh,23.203800,81.979000
1356020293,Kukdeshwar,Madhya Pradesh,24.482800,75.267500
1356834246,Kukshi,Madhya Pradesh,22.206800,74.757900
1356048844,Kumbhraj,Madhya Pradesh,24.373400,77.048400
1356791434,Kurawar,Madhya Pradesh,23.511800,77.024600
1356298512,Lahar,Madhya Pradesh,26.194000,78.941400
1356947035,Lakhnadon,Madhya Pradesh,22.600500,79.600900
1356732050,Lanji,Madhya Pradesh,21.501800,80.540600
1356046064,Lauri,Madhya Pradesh,25.139600,80.001100
1356313596,Leteri,Madhya Pradesh,24.059800,77.408600
1356200763,Lodhikheda,Madhya Pradesh,21.582400,78.859100
1356742603,Loharda,Madhya Pradesh,22.591800,76.595700
1356642940,Machalpur,Madhya Pradesh,24.127700,76.316700
1356180663,Machchand,Madhya Pradesh,26.324100,79.054300
1356646290,Maharajpur,Madhya Pradesh,25.019400,79.731900
1356130674,Maheshwar,Madhya Pradesh,22.176900,75.585600
1356672951,Mahugaon,Madhya Pradesh,22.574800,75.744500
1356415420,Maihar,Madhya Pradesh,24.262000,80.761000
1356320143,Maina,Madhya Pradesh,23.171200,76.662900
1356093683,Majhgawan,Madhya Pradesh,23.403900,80.209800
1356086946,Majholi,Madhya Pradesh,23.501100,79.924000
1356001591,Makronia,Madhya Pradesh,23.847600,78.799000
1356073929,Maksi,Madhya Pradesh,23.260000,76.145700
1356997775,Malhargarh,Madhya Pradesh,24.282900,74.990200
1356110848,Malthone,Madhya Pradesh,24.305500,78.528300
1356979630,Manasa,Madhya Pradesh,24.480000,75.150000
1356638595,Manawar,Madhya Pradesh,22.230000,75.080000
1356069599,Mandla,Madhya Pradesh,22.600000,80.380000
1356901779,Mandleshwar,Madhya Pradesh,22.176000,75.659900
1356467529,Mandsaur,Madhya Pradesh,24.030000,75.080000
1356575505,Manegaon,Madhya Pradesh,23.206200,80.012300
1356348209,Mangawan,Madhya Pradesh,24.667500,81.546400
1356551649,Manpur,Madhya Pradesh,22.431500,75.621100
1356281007,Mariyadau,Madhya Pradesh,24.276200,79.655900
1356185503,Mau,Madhya Pradesh,26.265800,78.671100
1356423548,Mauganj,Madhya Pradesh,24.680000,81.880000
1356692122,Mawai,Madhya Pradesh,24.804300,78.938800
1356586110,Mehidpur,Madhya Pradesh,23.488800,75.658000
1356097509,Mhow,Madhya Pradesh,22.550000,75.760000
1356271843,Mihona,Madhya Pradesh,26.283700,78.980500
1356310580,Mohana,Madhya Pradesh,25.902700,77.771500
1356912646,Mohdra,Madhya Pradesh,24.184900,79.957700
1356501396,Mohgaon,Madhya Pradesh,21.639400,78.736400
1356782394,Moman Barodiya,Madhya Pradesh,23.604200,76.336400
1356019851,Morena,Madhya Pradesh,26.500000,78.000000
1356137691,Multai,Madhya Pradesh,21.770000,78.250000
1356854133,Mundi,Madhya Pradesh,22.070000,76.500000
1356116361,Mungaoli,Madhya Pradesh,24.408400,78.095900
1356765829,Nagda,Madhya Pradesh,23.456400,75.413100
1356118219,Nagod,Madhya Pradesh,24.569200,80.588100
1356047975,Nahargarh,Madhya Pradesh,24.169200,75.234200
1356996534,Naigarhi,Madhya Pradesh,24.786900,81.778700
1356078158,Nainpur,Madhya Pradesh,22.430000,80.120000
1356201417,Nal Khera,Madhya Pradesh,23.835700,76.236400
1356483237,Namli,Madhya Pradesh,23.461200,75.060400
1356079928,Narayangarh,Madhya Pradesh,24.270800,75.050100
1356964288,Narsinghgarh,Madhya Pradesh,23.700000,77.100000
1356644280,Narwar,Madhya Pradesh,25.643900,77.912900
1356071687,Nasrullahganj,Madhya Pradesh,22.683700,77.270700
1356385624,Naurhiya,Madhya Pradesh,24.206900,82.565500
1356096436,Nayagaon,Madhya Pradesh,24.801500,80.896200
1356116829,Nepanagar,Madhya Pradesh,21.455800,76.449400
1356162861,Nisarpur,Madhya Pradesh,22.108800,74.807800
1356528828,Nowgong,Madhya Pradesh,25.057400,79.438100
1356593159,Orchha,Madhya Pradesh,25.350000,78.640000
1356105636,Pachor,Madhya Pradesh,23.709800,76.733900
1356085912,Palda,Madhya Pradesh,22.680000,75.893900
1356324036,Palera,Madhya Pradesh,25.020100,79.228200
1356107944,Pali,Madhya Pradesh,23.350000,81.050000
1356106181,Palsud,Madhya Pradesh,21.826200,74.969100
1356428315,Panagar,Madhya Pradesh,23.300000,79.980000
1356002397,Pandhana,Madhya Pradesh,21.698200,76.224900
1356533618,Pandhurna,Madhya Pradesh,21.600000,78.520000
1356085520,Panna,Madhya Pradesh,24.720000,80.200000
1356110842,Pansemal,Madhya Pradesh,21.659800,74.699400
1356420197,Parasia,Madhya Pradesh,22.191300,78.759000
1356772419,Patan,Madhya Pradesh,23.286400,79.689600
1356602920,Patera,Madhya Pradesh,23.996000,79.683700
1356396863,Pathari,Madhya Pradesh,23.933300,78.216700
1356543628,Patharia,Madhya Pradesh,23.899200,79.193900
1356453090,Pawai,Madhya Pradesh,24.266400,80.162000
1356838414,Phopnar Kalan,Madhya Pradesh,21.236500,76.326800
1356491423,Pichhor,Madhya Pradesh,25.960200,78.389300
1356581375,Pichor,Madhya Pradesh,25.175600,78.188600
1356005674,Pindra,Madhya Pradesh,24.959500,80.787900
1356390483,Pipalrawan,Madhya Pradesh,23.162500,76.470400
1356825857,Piparia,Madhya Pradesh,22.757000,78.355000
1356370346,Piploda,Madhya Pradesh,23.607300,74.942000
1356540061,Piprai,Madhya Pradesh,24.509700,77.964200
1356426276,Pirthipur,Madhya Pradesh,25.185300,78.665000
1356912433,Pithampur,Madhya Pradesh,22.619700,75.693300
1356741312,Polaia Kalan,Madhya Pradesh,23.211900,76.552900
1356503653,Porsa,Madhya Pradesh,26.670000,78.370000
1356201380,Prabhat Pattan,Madhya Pradesh,21.640700,78.272200
1356272218,Rahatgarh,Madhya Pradesh,23.780000,78.370000
1356132089,Raisen,Madhya Pradesh,23.330000,77.800000
1356394598,Rajakheri,Madhya Pradesh,23.859300,78.785200
1356732434,Rajaudha,Madhya Pradesh,26.704600,78.422300
1356819197,Rajgarh,Madhya Pradesh,24.030000,76.880000
1356074010,Rajnagar,Madhya Pradesh,24.889300,79.911800
1356176693,Rajod,Madhya Pradesh,22.950100,75.064000
1356223466,Rajpur,Madhya Pradesh,22.305300,74.352500
1356910989,Rampur Kalan,Madhya Pradesh,26.164900,77.469100
1356066695,Rampura,Madhya Pradesh,24.467000,75.440000
1356515642,Ranapur,Madhya Pradesh,22.647000,74.521200
1356050198,Rangvasa,Madhya Pradesh,22.643500,75.788600
1356300439,Ranod,Madhya Pradesh,25.074800,77.876100
1356241663,Ratlam,Madhya Pradesh,23.334000,75.037000
1356330202,Raun,Madhya Pradesh,26.343100,78.944300
1356969347,Rehli,Madhya Pradesh,23.630000,79.080000
1356617853,Rehti,Madhya Pradesh,22.737800,77.434000
1356642255,Rewa,Madhya Pradesh,24.530000,81.300000
1356965606,Ringnod,Madhya Pradesh,22.611300,74.933800
1356895146,Sabalgarh,Madhya Pradesh,26.250000,77.400000
1356046522,Sailana,Madhya Pradesh,23.462200,74.923200
1356167148,Sainkhera,Madhya Pradesh,22.958900,78.578200
1356060833,Sanchi,Madhya Pradesh,23.486500,77.737800
1356009968,Sannai,Madhya Pradesh,24.598400,80.828100
1356423371,Sanwer,Madhya Pradesh,22.974200,75.827100
1356423978,Sarangpur,Madhya Pradesh,23.570000,76.470000
1356600179,Sarni,Madhya Pradesh,22.104000,78.173000
1356090725,Satai,Madhya Pradesh,24.722000,79.631000
1356008295,Satna,Madhya Pradesh,24.600500,80.832200
1356509023,Satwas,Madhya Pradesh,22.536300,76.684500
1356781800,Saugor,Madhya Pradesh,23.830000,78.710000
1356174613,Sausar,Madhya Pradesh,21.650000,78.780000
1356806925,Segaon,Madhya Pradesh,21.858500,75.329300
1356587614,Sehore,Madhya Pradesh,23.200000,77.080000
1356570452,Semri,Madhya Pradesh,22.683300,78.083300
1356657449,Sendhwa,Madhya Pradesh,21.684700,75.095300
1356928095,Seondha,Madhya Pradesh,26.154200,78.781200
1356071437,Seoni,Madhya Pradesh,22.080000,79.530000
1356837624,Seoni Chhapara,Madhya Pradesh,22.393900,79.542400
1356893622,Seoni Malwa,Madhya Pradesh,22.450800,77.468100
1356191462,Shahdol,Madhya Pradesh,23.280000,81.350000
1356353440,Shahganj,Madhya Pradesh,22.846700,77.798000
1356825789,Shahgarh,Madhya Pradesh,24.313700,79.118100
1356036035,Shahpur,Madhya Pradesh,21.237400,76.225600
1356043628,Shahpura,Madhya Pradesh,23.136600,79.664000
1356454991,Shajapur,Madhya Pradesh,23.426400,76.277800
1356586819,Shamgarh,Madhya Pradesh,24.180000,75.630000
1356540723,Shampur,Madhya Pradesh,23.403200,77.346500
1356165566,Shamsabad,Madhya Pradesh,23.814900,77.495700
1356713793,Sheopur,Madhya Pradesh,25.670000,76.700000
1356583527,Shivpuri,Madhya Pradesh,25.430000,77.650000
1356623938,Shujalpur,Madhya Pradesh,23.400000,76.720000
1356440000,Sidhi,Madhya Pradesh,24.420000,81.880000
1356579413,Sihora,Madhya Pradesh,23.487100,80.104000
1356940965,Silvani,Madhya Pradesh,23.302600,78.440800
1356816759,Simaria,Madhya Pradesh,24.795000,81.152000
1356759752,Simrol,Madhya Pradesh,22.538700,75.911100
1356593603,Singhana,Madhya Pradesh,22.190200,74.970200
1356087335,Singoli,Madhya Pradesh,24.966700,75.300000
1356985698,Singrauliya,Madhya Pradesh,24.110000,82.390000
1356410453,Sirali,Madhya Pradesh,22.151900,77.061700
1356927214,Sirgora,Madhya Pradesh,22.206300,78.883200
1356596778,Sirmaur,Madhya Pradesh,24.836500,81.364500
1356323821,Sironj,Madhya Pradesh,24.100000,77.700000
1356996654,Sitamau,Madhya Pradesh,24.014700,75.353200
1356036483,Sobhapur,Madhya Pradesh,22.773700,78.263800
1356364830,Sohagpur,Madhya Pradesh,22.700000,78.200000
1356391360,Sonbari,Madhya Pradesh,24.228600,80.790200
1356679131,Sonkach,Madhya Pradesh,22.971700,76.346700
1356418390,Suhagi,Madhya Pradesh,23.220600,79.956900
1356041102,Sukand,Madhya Pradesh,26.644400,78.475200
1356465017,Sultanpur,Madhya Pradesh,23.138100,77.934000
1356021338,Sundarsi,Madhya Pradesh,23.268800,76.439900
1356185495,Susari,Madhya Pradesh,22.179700,74.757700
1356506764,Susner,Madhya Pradesh,23.946700,76.088200
1356681390,Suthalia,Madhya Pradesh,23.995500,77.139500
1356720999,Suwasra,Madhya Pradesh,24.069800,75.652300
1356096235,Tala,Madhya Pradesh,24.373500,81.198900
1356971696,Talen,Madhya Pradesh,23.569500,76.728200
1356027638,Tarana,Madhya Pradesh,23.330000,76.030000
1356090689,Tarichar Kalan,Madhya Pradesh,25.411800,78.890000
1356120722,Tekanpur,Madhya Pradesh,25.994000,78.283200
1356099152,Tendukheda,Madhya Pradesh,23.396200,79.539500
1356798396,Teonthar,Madhya Pradesh,24.982100,81.641900
1356869853,Thandla,Madhya Pradesh,23.009600,74.577500
1356561205,Thara,Madhya Pradesh,26.702700,78.278800
1356565145,Thikri,Madhya Pradesh,22.063400,75.400700
1356180687,Tigaon,Madhya Pradesh,21.645600,78.457600
1356652037,Tikamgarh,Madhya Pradesh,24.747200,78.850000
1356112388,Tikar,Madhya Pradesh,24.419400,81.377600
1356057503,Timurni,Madhya Pradesh,22.371200,77.227400
1356870284,Tirodi,Madhya Pradesh,21.685200,79.719100
1356098475,Tonk Khurd,Madhya Pradesh,23.098300,76.215500
1356028433,Ubaidullahganj,Madhya Pradesh,22.998300,77.586200
1356838839,Udaipura,Madhya Pradesh,23.074300,78.511100
1356050735,Ujjain,Madhya Pradesh,23.170000,75.790000
1356422217,Ukwa,Madhya Pradesh,21.971000,80.466200
1356133627,Umaria,Madhya Pradesh,23.524700,80.837200
1356063894,Umreth,Madhya Pradesh,22.126200,78.714900
1356172360,Umri,Madhya Pradesh,26.510600,78.936700
1356718269,Unchahra,Madhya Pradesh,24.382500,80.780900
1356006108,Unhel,Madhya Pradesh,23.337900,75.559300
1356299932,Vidisha,Madhya Pradesh,23.523900,77.806100
1356634180,Waraseoni,Madhya Pradesh,21.764700,80.049400
1356098977,Zirapur,Madhya Pradesh,24.022200,76.377100
1356972679,Ahmadnagar,Mahārāshtra,19.080000,74.730000
1356089496,Akola,Mahārāshtra,20.700000,77.000000
1356644864,Akot,Mahārāshtra,21.100000,77.060000
1356850132,Amalner,Mahārāshtra,21.050000,75.050000
1356117450,Ambajogai,Mahārāshtra,18.730000,76.380000
1356462099,Amravati,Mahārāshtra,20.925800,77.764700
1356712792,Anjangaon,Mahārāshtra,21.150000,77.280000
1356840670,Aurangabad,Mahārāshtra,19.880000,75.320000
1356091321,Bagewadi,Mahārāshtra,16.290000,74.600000
1356019118,Bhayandar,Mahārāshtra,19.290000,72.850000
1356763571,Bhiwandi,Mahārāshtra,19.296700,73.063100
1356338789,Bhusaval,Mahārāshtra,21.050000,75.770000
1356753116,Bir,Mahārāshtra,18.983300,75.766700
1356104480,Borgaon,Mahārāshtra,16.420000,74.580000
1356592607,Chanda,Mahārāshtra,19.950000,79.297000
1356475483,Chinchvad,Mahārāshtra,18.618600,73.803700
1356224695,Dhulia,Mahārāshtra,20.899700,74.769700
1356727216,Ghoti Budrukh,Mahārāshtra,19.716700,73.633300
1356105759,Gondia,Mahārāshtra,21.450000,80.200000
1356651502,Ichalkaranji,Mahārāshtra,16.700000,74.470000
1356734842,Jalgaon,Mahārāshtra,21.004000,75.568000
1356730545,Jalna,Mahārāshtra,19.841000,75.886400
1356521815,Junnar,Mahārāshtra,19.200000,73.880000
1356059342,Kagvad,Mahārāshtra,16.480000,74.780000
1356537020,Kalamboli,Mahārāshtra,19.233300,73.133300
1356172246,Kalyan,Mahārāshtra,19.250200,73.160200
1356123894,Kamatgi,Mahārāshtra,16.119000,75.848200
1356982851,Kamthi,Mahārāshtra,14.500000,79.416700
1356099967,Karadge,Mahārāshtra,16.420000,74.580000
1356073622,Khed,Mahārāshtra,17.718900,73.396900
1356346104,Khetia,Mahārāshtra,21.671200,74.585300
1356110593,Kolhapur,Mahārāshtra,16.691700,74.233300
1356271145,Kongnolli,Mahārāshtra,16.420000,74.580000
1356853431,Loha,Mahārāshtra,18.962300,77.130900
1356253434,Lonar,Mahārāshtra,19.980000,76.520000
1356087772,Lonavale,Mahārāshtra,18.748100,73.407200
1356857934,Mahad,Mahārāshtra,18.083000,73.417000
1356596085,Majalgaon,Mahārāshtra,19.150000,76.233300
1356113556,Malegaon,Mahārāshtra,20.550000,74.550000
1356838464,Malkapur,Mahārāshtra,20.885000,76.200000
1356843310,Mandvi,Mahārāshtra,19.300000,72.850000
1356014228,Mangalvedha,Mahārāshtra,17.516700,75.466700
1356593226,Manmad,Mahārāshtra,20.251000,74.439000
1356217655,Manwat,Mahārāshtra,19.300000,76.500000
1356045043,Morsi,Mahārāshtra,21.318000,78.009500
1356126979,Mukher,Mahārāshtra,18.700800,77.362800
1356226629,Mumbai,Mahārāshtra,19.076100,72.877500
1356183552,Murtajapur,Mahārāshtra,20.730000,77.510000
1356365743,Nagpur,Mahārāshtra,21.149700,79.080600
1356722310,Nanded,Mahārāshtra,19.150000,77.300000
1356282779,Nandgaon,Mahārāshtra,20.307000,74.657000
1356987352,Nandura Buzurg,Mahārāshtra,20.833300,76.459700
1356862755,Narkher,Mahārāshtra,21.438300,78.568300
1356562598,Nasik,Mahārāshtra,20.000000,73.780000
1356890324,Navapur,Mahārāshtra,21.170000,73.780000
1356358329,Nilanga,Mahārāshtra,18.116100,76.752500
1356358365,Nipani,Mahārāshtra,16.480000,74.780000
1356830965,Nirala,Mahārāshtra,19.500000,78.200000
1356005329,Osmanabad,Mahārāshtra,18.166700,76.050000
1356037558,Pachora,Mahārāshtra,20.670000,75.350000
1356410780,Paithan,Mahārāshtra,19.480000,75.380000
1356868621,Palghar,Mahārāshtra,19.690000,72.760000
1356363420,Panchgani,Mahārāshtra,17.920000,73.820000
1356852072,Pandharpur,Mahārāshtra,17.677800,75.327800
1356424574,Panvel,Mahārāshtra,18.994400,73.113900
1356632842,Parbhani,Mahārāshtra,19.270000,76.780000
1356565221,Partur,Mahārāshtra,19.591100,76.216100
1356126088,Pathardi,Mahārāshtra,19.170000,75.180000
1356093977,Pathri,Mahārāshtra,19.250000,76.450000
1356506430,Pawni,Mahārāshtra,20.780000,79.630000
1356056191,Pen,Mahārāshtra,18.750000,73.080000
1356097873,Phaltan,Mahārāshtra,17.980000,74.430000
1356747554,Pulgaon,Mahārāshtra,20.726000,78.317000
1356081074,Pune,Mahārāshtra,18.520300,73.856700
1356140147,Purna,Mahārāshtra,19.180000,77.050000
1356541503,Rahuri,Mahārāshtra,19.380000,74.650000
1356990175,Ratnagiri,Mahārāshtra,16.994400,73.300000
1356564115,Raver,Mahārāshtra,21.243100,76.033300
1356033966,Risod,Mahārāshtra,19.970000,76.780000
1356669414,Sangamner,Mahārāshtra,19.570000,74.220000
1356921375,Sangli,Mahārāshtra,16.866700,74.566700
1356137884,Sangola,Mahārāshtra,17.437800,75.193900
1356237945,Saoner,Mahārāshtra,21.385800,78.920100
1356628559,Satana,Mahārāshtra,20.579700,74.216000
1356054526,Satara,Mahārāshtra,17.683300,73.983300
1356131508,Selu,Mahārāshtra,19.455100,76.437200
1356155863,Shedbal,Mahārāshtra,16.689200,74.754300
1356687763,Shegaon,Mahārāshtra,20.794400,76.694400
1356166995,Shendurjana,Mahārāshtra,21.521700,78.290800
1356109433,Shirdi,Mahārāshtra,19.770000,74.480000
1356097723,Shirguppi,Mahārāshtra,16.618700,74.709100
1356662339,Shrigonda,Mahārāshtra,18.616000,74.698000
1356127258,Sillod,Mahārāshtra,20.300000,75.650000
1356138889,Sinnar,Mahārāshtra,19.850000,74.000000
1356926718,Sirur,Mahārāshtra,18.830000,74.380000
1356314385,Solapur,Mahārāshtra,17.680000,75.920000
1356671280,Soyagaon,Mahārāshtra,20.551400,74.507200
1356444873,Talegaon Dabhade,Mahārāshtra,18.720000,73.680000
1356014572,Taloda,Mahārāshtra,21.560700,74.220000
1356421633,Tasgaon,Mahārāshtra,17.030000,74.600000
1356681152,Thane,Mahārāshtra,19.197200,72.972200
1356865532,Tirora,Mahārāshtra,21.407200,79.932600
1356838341,Tuljapur,Mahārāshtra,18.000000,76.080000
1356375341,Ulhasnagar,Mahārāshtra,19.220000,73.150000
1356601429,Umarga,Mahārāshtra,17.840000,76.621700
1356164903,Umarkhed,Mahārāshtra,19.600000,77.700000
1356332003,Umred,Mahārāshtra,20.850000,79.330000
1356045868,Unchagao,Mahārāshtra,16.698800,74.274900
1356923031,Uran,Mahārāshtra,18.890000,72.950000
1356106833,Urun-Islampur,Mahārāshtra,17.050000,74.267000
1356386676,Vaijapur,Mahārāshtra,19.920000,74.730000
1356707797,Vasai,Mahārāshtra,19.470000,72.800000
1356006065,Vite,Mahārāshtra,17.271100,74.537800
1356883366,Wai,Mahārāshtra,17.950000,73.890000
1356087133,Walur,Mahārāshtra,19.487200,76.556100
1356212376,Wani,Mahārāshtra,20.055600,78.953300
1356657499,Warora,Mahārāshtra,20.230000,79.000800
1356146392,Warud,Mahārāshtra,21.416700,78.400000
1356185959,Washim,Mahārāshtra,20.100000,77.150000
1356290365,Yamkanmardi,Mahārāshtra,16.290000,74.600000
1356201218,Yavatmal,Mahārāshtra,20.400000,78.133300
1356655107,Yeola,Mahārāshtra,20.042000,74.489000
1356854088,Bishenpur,Manipur,24.628200,93.761000
1356107172,Imphal,Manipur,24.807400,93.938400
1356794087,Kakching,Manipur,24.608500,94.002900
1356895176,Mayang Imphal,Manipur,24.600000,93.900000
1356279278,Meiti,Manipur,24.351700,94.342200
1356046634,Moirang,Manipur,24.349000,93.691000
1356919276,Thanga,Manipur,24.550000,93.760000
1356830949,Thoubal,Manipur,24.630000,94.020000
1356756994,Wabagai,Manipur,24.530900,93.937600
1356795986,Wangjing,Manipur,24.386200,93.860400
1356732628,Yairipok,Manipur,24.677900,94.047700
1356603770,Cherrapunji,Meghālaya,25.279200,91.724200
1356498655,Mankachar,Meghālaya,25.530000,89.870000
1356690668,Nongstoin,Meghālaya,25.520000,91.270000
1356533936,Shillong,Meghālaya,25.574400,91.878900
1356555974,Tura,Meghālaya,25.520000,90.220000
1356342768,Aizawl,Mizoram,23.727200,92.717800
1356274194,Chittarkottal,Mizoram,9.427600,78.901500
1356318741,Lunglei,Mizoram,22.880000,92.730000
1356033061,Periya Pattanam,Mizoram,9.272600,78.902300
1356131507,Saiha,Mizoram,22.480000,92.970000
1356332206,Kohima,Nāgāland,25.670000,94.100000
1356880084,Mokokchung,Nāgāland,26.320000,94.500000
1356103704,Tuensang,Nāgāland,26.271600,94.831400
1356847119,Wokha,Nāgāland,26.100000,94.270000
1356223921,Zunheboto,Nāgāland,25.966700,94.516700
1356018392,Anandpur,Odisha,21.214100,86.124900
1356441869,Angul,Odisha,20.838100,85.095600
1356453513,Athagarh,Odisha,20.560000,85.630000
1356293872,Bada Barabil,Odisha,22.120000,85.400000
1356034887,Balangir,Odisha,20.720000,83.480000
1356515589,Balasore,Odisha,21.494200,86.931700
1356605710,Balugan,Odisha,19.733300,85.216700
1356666995,Banapur,Odisha,19.778900,85.170300
1356526925,Banki,Odisha,20.379100,85.529500
1356834678,Bargarh,Odisha,21.333300,83.616700
1356692725,Barhagarh,Odisha,19.567600,84.584200
1356095666,Basudebpur,Odisha,21.119700,86.729000
1356005442,Baud,Odisha,20.833300,84.316700
1356356860,Belpara,Odisha,20.588900,82.972900
1356245799,Bhadrakh,Odisha,21.054500,86.515600
1356317899,Bhawanipatna,Odisha,19.910000,83.128000
1356508067,Bhuban,Odisha,20.882000,85.833300
1356140143,Bhubaneshwar,Odisha,20.270000,85.840000
1356984397,Bideipur,Odisha,21.014700,86.819500
1356541292,Binka,Odisha,21.026300,83.812000
1356055853,Birmitrapur,Odisha,22.400000,84.766700
1356060078,Bishamagiri,Odisha,19.384900,84.471500
1356569354,Brahmapur,Odisha,19.315000,84.794100
1356019758,Brajarajnagar,Odisha,21.816700,83.916700
1356971899,Bramhabarada,Odisha,20.668300,86.074700
1356831429,Buguda,Odisha,19.808100,84.790800
1356301513,Burla,Odisha,21.509800,83.872600
1356355786,Chandili,Odisha,19.246700,83.405800
1356475209,Chikitigarh,Odisha,19.202300,84.614500
1356059558,Chudamani,Odisha,21.137900,86.779400
1356872061,Cuttack,Odisha,20.523600,85.788100
1356446315,Damonojodi,Odisha,18.763200,82.919400
1356230761,Deogarh,Odisha,21.538300,84.733400
1356990724,Dhamnagar,Odisha,20.914100,86.446800
1356304880,Dhenkanal,Odisha,20.670000,85.600000
1356610209,Gopalpur,Odisha,19.258600,84.905200
1356531908,Gunupur,Odisha,19.080000,83.820000
1356029751,Hirakud,Odisha,21.525000,83.872700
1356035819,Itamati,Odisha,20.133300,85.150000
1356107882,Jajpur,Odisha,21.214000,86.107000
1356557076,Janhapara,Odisha,21.339000,83.731000
1356087327,Jatani,Odisha,20.170000,85.700000
1356121332,Jeypore,Odisha,18.856300,82.571600
1356155035,Jharsugra,Odisha,21.850000,84.030000
1356082620,Kaintragarh,Odisha,20.721100,84.535100
1356115343,Kamakhyanagar,Odisha,20.933800,85.544900
1356006594,Kantabanji,Odisha,20.467100,82.920400
1356615489,Kantilo,Odisha,20.361500,85.192100
1356693640,Karanjia,Odisha,21.762600,85.973200
1356476101,Kendraparha,Odisha,20.500000,86.420000
1356695582,Keonjhargarh,Odisha,21.630000,85.580000
1356087366,Khallikot,Odisha,19.609100,85.086100
1356116319,Khandpara,Odisha,20.264400,85.176700
1356885732,Kharhial,Odisha,20.288500,82.760600
1356021518,Khurda,Odisha,20.183300,85.616700
1356028415,Kodala,Odisha,19.624300,84.940800
1356415171,Konarka,Odisha,19.887800,86.094800
1356742628,Koraput,Odisha,18.812000,82.710500
1356785102,Kuchaiburi,Odisha,22.270000,86.170000
1356736303,Kuchinda,Odisha,21.743600,84.348500
1356155567,Kumbhari,Odisha,21.208800,83.646700
1356440061,Malakanagiri,Odisha,18.350000,81.900000
1356118588,Nayagarh,Odisha,20.128800,85.096300
1356113149,Nilgiri,Odisha,21.646600,86.919900
1356752279,Nowrangapur,Odisha,19.230000,82.550000
1356058311,Padmapuram,Odisha,19.242800,83.818100
1356331567,Paradip Garh,Odisha,20.316000,86.610000
1356395507,Patamundai,Odisha,20.570000,86.570000
1356712742,Patnagarh,Odisha,20.708300,83.132600
1356638918,Phulbani,Odisha,20.470000,84.230000
1356234116,Polasara,Odisha,19.781500,84.583600
1356558409,Puri,Odisha,19.810600,85.831400
1356559069,Purushottampur,Odisha,19.520200,84.885100
1356101896,Rambha,Odisha,19.443300,84.988100
1356858350,Rampur,Odisha,21.073500,84.340900
1356654550,Rasol,Odisha,20.629800,85.312600
1356096816,Raurkela,Odisha,22.249200,84.882800
1356978742,Rayagada,Odisha,19.170000,83.420000
1356978188,Rengali,Odisha,21.646000,84.053100
1356772339,Sambalpur,Odisha,21.470000,83.970000
1356061023,Sonabedha,Odisha,18.730000,82.830000
1356986560,Sonepur,Odisha,20.833300,83.916700
1356002782,Sorada,Odisha,19.760800,84.430000
1356669352,Sorala,Odisha,19.149200,84.702500
1356411349,Soro,Odisha,21.290000,86.690000
1356122746,Sundargarh,Odisha,22.120000,84.030000
1356034796,Talcher,Odisha,20.950000,85.230000
1356827749,Tarabha,Odisha,20.732500,83.674400
1356364042,Titlagarh,Odisha,20.300000,83.150000
1356141491,Tora,Odisha,21.326200,83.670800
1356120498,Udala,Odisha,21.578100,86.566800
1356027854,Udayagiri,Odisha,20.124200,84.368700
1356242623,Oulgaret,Puducherry,11.957000,79.773700
1356368903,Puducherry,Puducherry,11.916700,79.816700
1356899653,Ablu,Punjab,30.339100,74.787900
1356846795,Abohar,Punjab,30.133400,74.200100
1356184220,Adampur,Punjab,31.432200,75.714800
1356432062,Ajnala,Punjab,31.840000,74.760000
1356193315,Akalgarh,Punjab,30.801900,75.858200
1356112709,Alawalpur,Punjab,31.496700,75.530900
1356212811,Algun,Punjab,31.279500,74.651700
1356926507,Amritsar,Punjab,31.640000,74.860000
1356058243,Anandpur,Punjab,31.239300,76.502500
1356684445,Atari,Punjab,31.600800,74.605600
1356237155,Awankh,Punjab,32.139200,75.461100
1356244527,Baba Bakala,Punjab,31.550000,75.250000
1356086328,Badru Khan,Punjab,30.252300,75.791700
1356036328,Bagha Purana,Punjab,30.688100,75.098400
1356172127,Bajwara,Punjab,31.515000,75.949400
1356816825,Balaungi,Punjab,30.730600,76.693700
1356028584,Banga,Punjab,31.188700,75.994900
1356892286,Barnala,Punjab,30.370000,75.540000
1356209118,Basi,Punjab,30.587200,76.842800
1356005138,Bassian,Punjab,30.655900,75.538900
1356786750,Batala,Punjab,31.818600,75.202800
1356869076,Begowal,Punjab,31.612500,75.519400
1356265101,Bhadaur,Punjab,30.476400,75.330600
1356015846,Bhagsar,Punjab,30.441700,74.402300
1356054484,Bhagta,Punjab,30.488200,75.101300
1356533219,Bhai Rupa,Punjab,30.431100,75.220600
1356612923,Bhalaiana,Punjab,30.329000,74.712000
1356665921,Bhankarpur,Punjab,30.650000,76.820000
1356343054,Bhatinda,Punjab,30.230000,74.951900
1356822025,Bhawanigarh,Punjab,30.270000,76.040000
1356512688,Bhikhi,Punjab,30.070000,75.530000
1356788831,Bhikkiwind Uttar,Punjab,31.340000,74.700000
1356706771,Bhogpur,Punjab,31.550000,75.630000
1356753284,Bhucho Mandi,Punjab,30.212900,75.096900
1356574372,Bhulath Gharbi,Punjab,31.534400,75.495300
1356917560,Bilga,Punjab,31.050000,75.650000
1356826630,Boha,Punjab,29.834800,75.523700
1356629977,Budha Theh,Punjab,31.517700,75.300900
1356751792,Budhlada,Punjab,29.930000,75.570000
1356723444,Bundala,Punjab,31.533300,74.983300
1356502615,Buttar,Punjab,31.003800,75.397300
1356907554,Chabal Kalan,Punjab,31.481800,74.792700
1356377488,Chaoke,Punjab,30.184700,75.336200
1356247208,Chhajli,Punjab,30.034800,75.828000
1356124447,Chirak,Punjab,30.720600,75.171800
1356942609,Chuhal,Punjab,31.595000,75.968400
1356301323,Chuhr Chak,Punjab,30.777500,75.362800
1356106491,Dala,Punjab,30.777300,75.249400
1356361177,Dasuya,Punjab,31.816800,75.653100
1356706781,Dera Baba Nanak,Punjab,32.032100,75.029200
1356409245,Dhariwal,Punjab,31.956100,75.323900
1356137820,Dharmkot,Punjab,30.945600,75.232400
1356585688,Dhaula,Punjab,30.285600,75.460200
1356478718,Dhilwan,Punjab,31.514300,75.345700
1356137623,Dhilwan Kalan,Punjab,30.571800,74.865500
1356294772,Dhuri,Punjab,30.368500,75.867900
1356448598,Dinanagar,Punjab,32.150000,75.466700
1356277764,Dirba,Punjab,30.070000,75.980000
1356983953,Doda,Punjab,30.384400,74.639400
1356743545,Faridkot,Punjab,30.670000,74.760000
1356102497,Fateh Nangal,Punjab,31.945300,75.319100
1356555001,Fatehabad,Punjab,31.381100,75.099600
1356030242,Fatehgarh Churian,Punjab,31.864300,74.956700
1356509839,Fazilka,Punjab,30.403000,74.025000
1356060515,Ferozepore,Punjab,30.916600,74.600000
1356237015,Garhshankar,Punjab,31.215400,76.141500
1356904166,Ghagga,Punjab,30.019800,76.104100
1356034842,Ghal Kalan,Punjab,30.818900,75.106300
1356382294,Ghalib Kalan,Punjab,30.837200,75.390200
1356021460,Gharyala,Punjab,31.229400,74.735200
1356960884,Gholia Kalan,Punjab,30.672600,75.180000
1356706088,Giddarbaha,Punjab,30.200000,74.670000
1356139239,Gil,Punjab,30.846900,75.863600
1356126630,Gobindgarh,Punjab,30.670900,76.301900
1356182104,Gobindpura,Punjab,30.280500,75.018700
1356794200,Goraya,Punjab,31.124100,75.772400
1356120401,Gurdaspur,Punjab,32.033300,75.400000
1356143986,Guru Har Sahai,Punjab,30.708600,74.404100
1356571025,Hadiaya,Punjab,30.341300,75.511700
1356008805,Hajipur,Punjab,31.977100,75.754400
1356371341,Halwara,Punjab,30.716700,75.650000
1356235581,Hamira,Punjab,31.458900,75.430400
1356249211,Hariana,Punjab,31.635100,75.838900
1356906122,Harike,Punjab,31.166100,74.941700
1356141115,Haripur,Punjab,31.532200,75.917200
1356007687,Herseh Chhina,Punjab,31.745300,74.783000
1356465663,Himmatpura,Punjab,30.527100,75.362700
1356735077,Husainpur,Punjab,31.338700,75.196900
1356951702,Jagraon,Punjab,30.780000,75.480000
1356115096,Jaito,Punjab,30.451400,74.891900
1356494816,Jalandhar,Punjab,31.256900,75.443200
1356104211,Jalandhar Cantonment,Punjab,31.286000,75.615000
1356011416,Jamsher,Punjab,31.270000,75.641700
1356063934,Jandiala,Punjab,31.215700,75.621800
1356147551,Jugial,Punjab,32.368400,75.678200
1356210448,Kadur Sahib,Punjab,31.423900,75.097800
1356773306,Kalanaur,Punjab,32.020000,75.150000
1356577792,Kaoni,Punjab,30.400000,74.663000
1356051266,Kaonke,Punjab,30.765900,75.417200
1356092924,Kapurthala,Punjab,31.380000,75.380000
1356076825,Kararan,Punjab,30.772000,76.795900
1356753933,Kartarpur,Punjab,31.442700,75.498500
1356006871,Kathanian,Punjab,31.637300,74.757200
1356562278,Khamanon Kalan,Punjab,30.820000,76.350000
1356905575,Khanna,Punjab,30.700000,76.220000
1356563444,Kharar,Punjab,30.740000,76.650000
1356897177,Kharial,Punjab,30.105600,75.885500
1356049560,Khem Karan,Punjab,31.160000,74.660000
1356197619,Khizrpur,Punjab,30.584300,76.757200
1356060446,Khokri Kalan,Punjab,30.845600,75.330700
1356447892,Kishanpura Kalan,Punjab,30.933700,75.349900
1356036190,Kot Bhai,Punjab,30.267800,74.699000
1356752477,Kot Fatah,Punjab,30.112200,75.112000
1356125716,Kot Isa Khan,Punjab,31.135100,75.023100
1356007164,Kot Kapura,Punjab,30.583300,74.900000
1356729057,Kot Shamir,Punjab,30.119100,75.005800
1356858408,Kotha Guru,Punjab,30.441900,75.094800
1356070767,Kotli Ablu,Punjab,30.350400,74.786800
1356058460,Kulrian,Punjab,29.799400,75.682700
1356081594,Ladhuka,Punjab,30.508200,74.090500
1356039698,Lahra Muhabbat,Punjab,30.242100,75.166600
1356090094,Lalru,Punjab,30.486700,76.800600
1356675083,Laungowal,Punjab,30.216700,75.683300
1356174516,Lohian,Punjab,31.315600,75.333900
1356789670,Lopon,Punjab,30.671500,75.343800
1356929498,Ludhiana,Punjab,30.910000,75.850000
1356794919,Mahalpur,Punjab,31.361800,76.037700
1356169491,Mahna,Punjab,30.228000,74.993700
1356322687,Mahta,Punjab,31.664700,75.250900
1356846640,Maihma Sarja,Punjab,30.311000,74.842700
1356270631,Majitha,Punjab,31.757100,74.958900
1356055682,Makhu,Punjab,31.103300,74.996300
1356035420,Malaudh,Punjab,30.633300,75.935600
1356603442,Malaut,Punjab,30.190000,74.499000
1356847218,Maler Kotla,Punjab,30.516700,75.883300
1356680446,Mallan,Punjab,30.401500,74.736500
1356488565,Mamun,Punjab,32.282400,75.698300
1356518024,Mansa,Punjab,29.990600,75.399600
1356181198,Mauli,Punjab,30.699000,76.693000
1356076094,Maur,Punjab,30.083300,75.250000
1356097508,Miani,Punjab,31.709200,75.566100
1356017151,Moga,Punjab,30.822000,75.174000
1356124805,Morinda,Punjab,30.790000,76.500000
1356356006,Mudki,Punjab,30.780000,74.881100
1356427915,Mukerian,Punjab,31.950000,75.620000
1356134091,Muktsar,Punjab,30.474300,74.516600
1356314398,Mullanwala,Punjab,31.061900,74.822800
1356183052,Nabha,Punjab,30.370000,76.150000
1356952491,Nakodar,Punjab,31.130000,75.470000
1356848329,Nangal Lalchand,Punjab,29.920000,75.400000
1356311138,Nangal Township,Punjab,31.385000,76.375000
1356739104,Narot Mehra,Punjab,32.267300,75.564700
1356838340,Nathana,Punjab,30.315500,75.093100
1356582611,Nawashahr,Punjab,31.116700,76.133300
1356204919,Nihal Singhwala,Punjab,30.591900,75.280400
1356667176,Padiala,Punjab,30.566700,76.633300
1356256322,Pakka Kalan,Punjab,30.032300,74.855500
1356812094,Panjgirain Kalan,Punjab,30.609600,74.914300
1356878237,Pathankot,Punjab,32.266800,75.600000
1356458416,Patiala,Punjab,30.340000,76.380000
1356157475,Patti,Punjab,31.280000,74.860000
1356342384,Phagwara,Punjab,31.220000,75.770000
1356134568,Phillaur,Punjab,31.030000,75.780000
1356976129,Qadian,Punjab,31.819200,75.376400
1356318645,Rahon,Punjab,31.052700,76.119100
1356216914,Raikot,Punjab,30.650000,75.600000
1356257199,Rajiana,Punjab,30.692300,75.090200
1356280770,Rajpura,Punjab,30.484000,76.594000
1356522814,Ralla,Punjab,30.120000,75.432000
1356018297,Raman,Punjab,29.950400,74.978500
1356765621,Raoke Kalan,Punjab,30.821900,75.182800
1356145072,Raonta,Punjab,30.561900,75.190000
1356068484,Roda,Punjab,30.682000,75.019500
1356959681,Ropar,Punjab,30.966400,76.533100
1356046572,Rupana,Punjab,30.407000,74.527600
1356210729,Rurka Kalan,Punjab,31.070000,75.410000
1356298063,Sahna,Punjab,30.429300,75.381300
1356877324,Saidoke,Punjab,30.526700,75.286700
1356590880,Samadh Bhai,Punjab,30.598500,75.150600
1356305754,Samalsar,Punjab,30.636400,74.998300
1356972840,Samana,Punjab,30.150000,76.190000
1356562174,Samrala,Punjab,30.836000,76.193200
1356895790,Sanaur,Punjab,30.301800,76.457900
1356578624,Sangrur,Punjab,30.250600,75.844200
1356456046,Sardulgarh,Punjab,29.697000,75.238800
1356397179,Sathiala,Punjab,31.583300,75.283300
1356052793,Sekha,Punjab,30.358600,75.644000
1356058575,Shahkot,Punjab,31.080000,75.340000
1356070208,Shatrana,Punjab,29.910200,76.120200
1356755430,Sheron,Punjab,30.158200,75.717800
1356211889,Sirhali Kalan,Punjab,31.278300,74.941400
1356542965,Sobraon,Punjab,31.183300,74.850000
1356975267,Sohana,Punjab,30.683300,76.700000
1356488985,Sujanpur,Punjab,32.312700,75.601200
1356067050,Sultanpur,Punjab,31.223500,75.204100
1356036724,Sunam,Punjab,30.130000,75.800000
1356117402,Sur Singh,Punjab,31.399200,74.716000
1356157945,Talwandi Bhai,Punjab,30.855800,74.929800
1356139244,Talwandi Chaudhrian,Punjab,31.300000,75.176400
1356589470,Talwandi Sabo,Punjab,29.983800,75.082000
1356415625,Talwara,Punjab,31.937600,75.886600
1356153642,Tapa,Punjab,30.297900,75.369400
1356155717,Tarn Taran,Punjab,31.451900,74.927800
1356017680,Thandewala,Punjab,30.472000,74.589800
1356090999,Tharike,Punjab,30.866900,75.781100
1356154407,Thikriwala,Punjab,30.432800,75.526100
1356090416,Tibbar,Punjab,31.969700,75.415900
1356010850,Tibri,Punjab,31.985400,75.431600
1356314548,Valtoha,Punjab,31.207400,74.642300
1356277173,Zerakpur,Punjab,30.650000,76.820000
1356805271,Zira,Punjab,30.970000,74.990000
1356598126,Abu,Rājasthān,24.592500,72.708300
1356058258,Ajmer,Rājasthān,26.449900,74.639900
1356570855,Alwar,Rājasthān,27.549800,76.635500
1356028963,Beawar,Rājasthān,26.101100,74.320300
1356168278,Bharatpur,Rājasthān,27.220000,77.480000
1356595489,Bhasawar,Rājasthān,27.036100,77.052800
1356077831,Bhilwara,Rājasthān,25.350000,74.630000
1356404338,Bijaynagar,Rājasthān,25.930000,74.638600
1356026593,Bikaner,Rājasthān,28.016700,73.311900
1356402465,Bundi,Rājasthān,25.438300,75.637200
1356110002,Chittaurgarh,Rājasthān,24.889400,74.623900
1356669884,Degana,Rājasthān,26.895100,74.322200
1356431302,Ganganagar,Rājasthān,29.920000,73.880000
1356133715,Hanumangarh,Rājasthān,29.583300,74.316700
1356011400,Iklod,Rājasthān,26.022200,77.320800
1356293537,Jaipur,Rājasthān,26.900000,75.800000
1356575402,Jaisalmer,Rājasthān,26.916700,70.916700
1356488284,Jalor,Rājasthān,25.350000,72.616700
1356727084,Jodhpur,Rājasthān,26.280000,73.020000
1356005235,Khairtal,Rājasthān,27.834600,76.638800
1356820310,Kota,Rājasthān,25.180000,75.830000
1356216971,Lachhmangarh Sikar,Rājasthān,27.822500,75.025300
1356081599,Lakheri,Rājasthān,25.670000,76.170000
1356031120,Losal,Rājasthān,27.400000,74.920000
1356115611,Makrana,Rājasthān,27.050000,74.720000
1356775815,Malpura,Rājasthān,26.280000,75.380000
1356060627,Mandalgarh,Rājasthān,25.200000,75.100000
1356190708,Mandawa,Rājasthān,28.050000,75.150000
1356021018,Mangrol,Rājasthān,25.330000,76.520000
1356960987,Nadbai,Rājasthān,27.230000,77.200000
1356030258,Nagar,Rājasthān,27.424700,77.099500
1356888183,Nasirabad,Rājasthān,26.300000,74.730000
1356606458,Nathdwara,Rājasthān,24.930000,73.820000
1356336915,Nawai,Rājasthān,26.382400,75.924000
1356085018,Nawalgarh,Rājasthān,27.850000,75.270000
1356976251,Nayagaon,Rājasthān,24.562200,74.776000
1356139514,Nimbahera,Rājasthān,24.620000,74.680000
1356119870,Nohar,Rājasthān,29.180000,74.770000
1356674096,Nokha,Rājasthān,27.600000,73.420000
1356212172,Pali,Rājasthān,25.770000,73.330000
1356972193,Phalodi,Rājasthān,27.131000,72.364000
1356254629,Phulera,Rājasthān,26.870000,75.230000
1356536081,Pilani,Rājasthān,28.370000,75.600000
1356290166,Pilibangan,Rājasthān,29.488800,74.074800
1356740431,Pindwara,Rājasthān,24.794500,73.055000
1356738519,Pokaran,Rājasthān,26.919400,71.920800
1356078917,Pratapgarh,Rājasthān,24.030000,74.780000
1356618005,Pushkar,Rājasthān,26.490300,74.554200
1356007573,Raisinghnagar,Rājasthān,29.534200,73.447700
1356850348,Rajaldesar,Rājasthān,28.030000,74.470000
1356123600,Rajgarh,Rājasthān,28.640000,75.380000
1356835645,Rajsamand,Rājasthān,25.070000,73.880000
1356742923,Ramganj Mandi,Rājasthān,24.647200,75.944400
1356344775,Ratangarh,Rājasthān,28.078700,74.621900
1356539481,Rawatbhata,Rājasthān,24.930000,75.580000
1356147857,Rawatsar,Rājasthān,29.280000,74.380000
1356539629,Ringas,Rājasthān,27.370000,75.570000
1356487933,Sadri,Rājasthān,25.180000,73.430000
1356016551,Sagwara,Rājasthān,23.668100,74.024400
1356580244,Salumbar,Rājasthān,24.080000,74.020000
1356819322,Sambhar,Rājasthān,26.910300,75.185800
1356008293,Sanchor,Rājasthān,24.751700,71.776200
1356932502,Sardarshahr,Rājasthān,28.440100,74.490800
1356989633,Shahpura,Rājasthān,25.630000,74.930000
1356629626,Shivganj,Rājasthān,25.150000,73.070000
1356163729,Sikar,Rājasthān,27.620000,75.150000
1356079407,Singhana,Rājasthān,27.980000,75.800000
1356102938,Sirohi,Rājasthān,24.885000,72.862500
1356521444,Sojat,Rājasthān,25.920000,73.670000
1356278703,Sri Madhopur,Rājasthān,27.466700,75.600000
1356081471,Sujangarh,Rājasthān,27.700000,74.470000
1356840891,Suratgarh,Rājasthān,29.317700,73.898900
1356012920,Suroth,Rājasthān,26.809800,77.147000
1356513228,Takhatgarh,Rājasthān,25.330000,73.000000
1356352395,Taranagar,Rājasthān,28.668900,75.040600
1356092473,Toda Bhim,Rājasthān,26.916700,76.816700
1356092474,Toda Rai Singh,Rājasthān,26.016700,75.483300
1356991408,Tonk,Rājasthān,26.150500,75.790000
1356266094,Udaipur,Rājasthān,24.580000,73.680000
1356689564,Gangtok,Sikkim,27.330000,88.620000
1356210398,Namchi,Sikkim,27.170000,88.350000
1356724493,Abiramam,Tamil Nādu,9.442300,78.439900
1356217808,Acharipallam,Tamil Nādu,8.170000,77.369800
1356170278,Achchippatti,Tamil Nādu,10.698900,77.015000
1356256995,Adamankottai,Tamil Nādu,12.074200,78.123700
1356733894,Adigappadi,Tamil Nādu,12.145900,78.094600
1356123782,Adigaratti,Tamil Nādu,11.335700,76.697100
1356175056,Adiyakkamangalam,Tamil Nādu,10.762600,79.677500
1356245534,Agaram,Tamil Nādu,10.443300,77.948500
1356313296,Ajjanahalli,Tamil Nādu,12.037600,77.813800
1356206859,Alagappapuram,Tamil Nādu,8.146800,77.541300
1356223718,Alagarai,Tamil Nādu,10.982600,78.389100
1356166815,Alampalaiyam,Tamil Nādu,11.363500,77.767700
1356192802,Alanganallur,Tamil Nādu,10.047000,78.090300
1356186253,Alangayam,Tamil Nādu,12.622300,78.752100
1356214603,Alangudi,Tamil Nādu,10.360400,78.977900
1356105551,Alangulam,Tamil Nādu,8.864000,77.499400
1356083368,Aliyabad,Tamil Nādu,12.631700,79.216400
1356113956,Allinagaram,Tamil Nādu,10.011900,77.478600
1356163498,Alukkuli,Tamil Nādu,11.445800,77.357400
1356540796,Alwa Tirunagari,Tamil Nādu,8.610000,77.940000
1356605258,Alwarkurichchi,Tamil Nādu,8.783800,77.395200
1356103053,Ambasamudram,Tamil Nādu,8.703700,77.452700
1356685959,Ambattur,Tamil Nādu,13.114300,80.154800
1356286270,Ambatturai,Tamil Nādu,10.260300,77.930300
1356150020,Ammapettai,Tamil Nādu,10.794800,79.319900
1356257144,Ammavarikuppam,Tamil Nādu,13.178400,79.416900
1356248445,Ammur,Tamil Nādu,12.975000,79.362800
1356235431,Anaiyur,Tamil Nādu,9.961500,78.111800
1356301119,Anakaputtur,Tamil Nādu,12.982300,80.128200
1356352228,Anamalais,Tamil Nādu,10.583000,76.934400
1356182049,Andanappettai,Tamil Nādu,10.749800,79.822600
1356165565,Andipalaiyam,Tamil Nādu,11.092000,77.315000
1356542749,Andippatti,Tamil Nādu,9.998000,77.621000
1356978385,Andiyappanur,Tamil Nādu,12.534200,78.702400
1356162956,Angalakurichchi,Tamil Nādu,10.528200,76.996200
1356202958,Angichettippalaiyam,Tamil Nādu,11.774200,79.525500
1356853761,Anjehalli,Tamil Nādu,12.139500,77.980800
1356225799,Anjukulippatti,Tamil Nādu,10.244400,78.079400
1356979937,Annamalainagar,Tamil Nādu,11.400000,79.733300
1356149826,Annavasal,Tamil Nādu,10.466700,78.700000
1356154050,Annur,Tamil Nādu,11.232500,77.106900
1356833612,Anuppampattu,Tamil Nādu,13.301800,80.225800
1356167373,Appukkudal,Tamil Nādu,11.468400,77.576600
1356165095,Arachchalur,Tamil Nādu,11.162700,77.700700
1356750119,Arambakkam,Tamil Nādu,13.525800,80.071000
1356083141,Arani,Tamil Nādu,13.334600,80.084800
1356529940,Arantangi,Tamil Nādu,10.168600,78.992000
1356159493,Arasur,Tamil Nādu,11.086600,77.114600
1356216819,Aravakkurichchi,Tamil Nādu,10.776000,77.907600
1356293782,Arcot,Tamil Nādu,12.900000,79.333300
1356117183,Arimalam,Tamil Nādu,10.255000,78.884000
1356003043,Ariyalur,Tamil Nādu,11.133300,79.083300
1356031273,Arkonam,Tamil Nādu,13.077800,79.666700
1356433730,Arni,Tamil Nādu,12.667700,79.285300
1356206365,Arumanallur,Tamil Nādu,8.316700,77.416700
1356133950,Arumbavur,Tamil Nādu,11.381000,78.729600
1356744238,Arumuganeri,Tamil Nādu,8.571700,78.092200
1356144326,Aruppukkottai,Tamil Nādu,9.513900,78.100200
1356205251,Aruvikkara,Tamil Nādu,8.421900,77.096800
1356227228,Attanur,Tamil Nādu,11.500600,78.135600
1356237822,Attappampatti,Tamil Nādu,11.482000,78.024800
1356214140,Attimarappatti,Tamil Nādu,8.729700,78.116900
1356144266,Attippattu,Tamil Nādu,13.263300,80.291100
1356205253,Attur,Tamil Nādu,8.322400,77.255800
1356958556,Atturkuppam,Tamil Nādu,12.600000,78.542300
1356168388,Avadattur,Tamil Nādu,11.701400,77.863800
1356009111,Avadi,Tamil Nādu,13.109700,80.097200
1356669863,Avalepalli,Tamil Nādu,12.771400,77.859400
1356164216,Avalpundurai,Tamil Nādu,11.231000,77.718200
1356111278,Avalurpet,Tamil Nādu,12.380000,79.346500
1356070013,Avanashipalaiyam,Tamil Nādu,10.969600,77.435200
1356236929,Avaniyapuram,Tamil Nādu,9.881800,78.112500
1356213628,Ayikudi,Tamil Nādu,9.003200,77.344900
1356219753,Ayodhyapattanam,Tamil Nādu,11.675500,78.240900
1356840994,Ayyampalaiyam,Tamil Nādu,10.225300,77.748500
1356246240,Ayyampettai,Tamil Nādu,10.897100,79.191500
1356736700,Bagalur,Tamil Nādu,12.833300,77.866700
1356586505,Baisuhalli,Tamil Nādu,12.206400,78.190600
1356235291,Balakrishnanpatti,Tamil Nādu,11.251100,78.473600
1356172140,Balasamudram,Tamil Nādu,10.419000,77.499200
1356140947,Bargur,Tamil Nādu,12.542900,78.357400
1356003397,Belur,Tamil Nādu,11.707500,78.414400
1356005402,Bendrahalli,Tamil Nādu,12.264200,78.322300
1356651556,Berikai,Tamil Nādu,12.805600,77.971000
1356666227,Bhavani,Tamil Nādu,11.445500,77.682100
1356226000,Bikkatti,Tamil Nādu,11.374100,76.751300
1356254878,Bodinayakkanur,Tamil Nādu,10.000000,77.066700
1356170909,Bodippatti,Tamil Nādu,10.564200,77.233600
1356245678,Bommayapalaiyam,Tamil Nādu,11.992200,79.849900
1356163048,Brahmadesam,Tamil Nādu,11.544900,77.580300
1356169563,Brahmana Periya Agraharam,Tamil Nādu,11.369000,77.706300
1356841405,Budalur,Tamil Nādu,10.786100,78.986400
1356776067,Budamangalam,Tamil Nādu,12.379200,79.230800
1356008957,Chavuttahalli,Tamil Nādu,12.420200,78.235200
1356228551,Chembagaramanpudur,Tamil Nādu,8.246100,77.490700
1356084791,Chengam,Tamil Nādu,12.311200,78.792500
1356374944,Chennai,Tamil Nādu,13.082500,80.275000
1356164750,Chennampatti,Tamil Nādu,11.701100,77.678500
1356565627,Chennimalai,Tamil Nādu,11.163800,77.603900
1356494273,Cheramkod,Tamil Nādu,11.600000,76.316700
1356381744,Chettikulam,Tamil Nādu,8.094300,77.561400
1356168547,Chettimangurichchi,Tamil Nādu,11.639300,77.855700
1356249275,Chettinayakkanpatti,Tamil Nādu,10.394000,77.975400
1356163826,Chettipalaiyam,Tamil Nādu,11.166700,77.335000
1356200769,Chettipulam,Tamil Nādu,10.474300,79.754600
1356247270,Chettiyapatti,Tamil Nādu,10.424000,77.822800
1356916080,Cheyyar,Tamil Nādu,12.662000,79.543500
1356547124,Chidambaram,Tamil Nādu,11.407000,79.691200
1356996952,Chikkarampalaiyam,Tamil Nādu,11.241600,76.985400
1356261740,Chingleput,Tamil Nādu,12.691800,79.976600
1356172085,Chinna Kalaiyamputtur,Tamil Nādu,10.471400,77.465700
1356043149,Chinna Salem,Tamil Nādu,11.634200,78.874100
1356171080,Chinnakkampalaiyam,Tamil Nādu,10.706400,77.457500
1356166559,Chinnakkavundanur,Tamil Nādu,11.455900,77.867300
1356243886,Chinnalapatti,Tamil Nādu,10.287500,77.912000
1356280366,Chinnamanur,Tamil Nādu,10.041200,77.170900
1356170392,Chinnampalaiyam,Tamil Nādu,10.660400,77.024800
1356390473,Chinnasekkadu,Tamil Nādu,13.160900,80.257300
1356150509,Chinnatadagam,Tamil Nādu,11.081600,76.867400
1356163989,Chinnavadampatti,Tamil Nādu,11.061500,76.983800
1356223692,Chintalavadi,Tamil Nādu,10.951100,78.315800
1356162407,Chittandikavundanur,Tamil Nādu,10.693100,76.718800
1356245549,Chittayankottai,Tamil Nādu,10.268600,77.832700
1356168530,Chittur,Tamil Nādu,11.647000,77.823900
1356208115,Chokkalingapuram,Tamil Nādu,10.193000,78.397300
1356214229,Chokkampatti,Tamil Nādu,9.125900,77.363400
1356241685,Chokkanathapuram,Tamil Nādu,9.992100,77.356600
1356342416,Cholavandan,Tamil Nādu,10.016700,77.966700
1356762417,Cholavaram,Tamil Nādu,13.238900,80.162700
1356999503,Coimbatore,Tamil Nādu,11.016800,76.955800
1356148941,Conjeeveram,Tamil Nādu,12.830800,79.707800
1356833070,Coonoor,Tamil Nādu,11.345000,76.795000
1356544008,Cuddalore,Tamil Nādu,11.750000,79.750000
1356427380,Dalavaypattanam,Tamil Nādu,10.674700,77.484500
1356974481,Damal,Tamil Nādu,12.886000,79.592200
1356168701,Desavilakku,Tamil Nādu,11.647600,77.967000
1356815991,Devadanappatti,Tamil Nādu,10.146700,77.643900
1356661235,Devakottai,Tamil Nādu,9.997600,78.686200
1356169719,Devanakavundanur,Tamil Nādu,11.504800,77.838300
1356166609,Devanangurichchi,Tamil Nādu,11.389500,77.854700
1356933679,Devarshola,Tamil Nādu,11.543700,76.440400
1356422582,Devikapuram,Tamil Nādu,12.474400,79.347500
1356744974,Devipattinam,Tamil Nādu,9.477000,78.896100
1356467104,Dharapuram,Tamil Nādu,10.730000,77.520000
1356218555,Dharmapuram,Tamil Nādu,8.383900,77.128400
1356724448,Dharmapuri,Tamil Nādu,12.127000,78.158000
1356106153,Dindigul,Tamil Nādu,10.350000,77.950000
1356209874,Doddappanayakkanur,Tamil Nādu,9.981000,77.734000
1356241696,Dombachcheri,Tamil Nādu,9.960400,77.390900
1356212943,Duraiswamipuram,Tamil Nādu,9.423300,77.720300
1356243981,Eduttavaynattam,Tamil Nādu,11.805700,78.827000
1356251515,Elambalur,Tamil Nādu,11.266900,78.881600
1356166281,Elandakuttai,Tamil Nādu,11.399200,77.778200
1356163537,Elattur,Tamil Nādu,11.386600,77.308000
1356028126,Elavanasur,Tamil Nādu,11.715400,79.179600
1356327493,Elumalai,Tamil Nādu,9.865000,77.699200
1356237496,Elurpatti,Tamil Nādu,11.023400,78.284400
1356163377,Ennamangalam,Tamil Nādu,11.644900,77.593000
1356473945,Eral,Tamil Nādu,8.625800,78.022800
1356169346,Eranapuram,Tamil Nādu,11.558100,77.989300
1356662397,Eraniel,Tamil Nādu,8.205900,77.317300
1356036620,Eriyodu,Tamil Nādu,10.517200,78.062700
1356040695,Erode,Tamil Nādu,11.340900,77.717100
1356634774,Errahalli,Tamil Nādu,12.391100,78.223200
1356597128,Erumad,Tamil Nādu,11.568100,76.260800
1356443438,Erumaippatti,Tamil Nādu,11.146700,78.290000
1356226438,Erumapalaiyam,Tamil Nādu,11.632400,78.169500
1356205536,Ervadi,Tamil Nādu,9.250000,78.851000
1356096306,Esanai,Tamil Nādu,11.300400,78.831400
1356783397,Ettaiyapuram,Tamil Nādu,9.147400,77.992800
1356005422,Ettapur,Tamil Nādu,11.662500,78.476400
1356159411,Ettimadai,Tamil Nādu,10.891100,76.908700
1356165595,Ganapatipalaiyam,Tamil Nādu,11.030900,77.336700
1356159185,Gangaikondan,Tamil Nādu,11.538900,79.476500
1356921311,Gangavalli,Tamil Nādu,11.438100,78.483600
1356226910,Ganguvarpatti,Tamil Nādu,10.169400,77.697300
1356622896,Gingee,Tamil Nādu,12.252800,79.417300
1356203301,Gopalasamudram,Tamil Nādu,8.674700,77.637900
1356481097,Gopichettipalaiyam,Tamil Nādu,11.454900,77.436500
1356995125,Gudalur,Tamil Nādu,11.501400,76.491600
1356530159,Gudiyattam,Tamil Nādu,12.947600,78.870000
1356226040,Gullapuram,Tamil Nādu,10.065700,77.644600
1356179238,Gummudipundi,Tamil Nādu,13.399500,80.118700
1356211280,Gundur,Tamil Nādu,10.733900,78.718400
1356252401,Hanumantanpatti,Tamil Nādu,9.785800,77.317000
1356466320,Harur,Tamil Nādu,12.051000,78.482700
1356829362,Hosur,Tamil Nādu,12.740900,77.825300
1356040942,Hulikal,Tamil Nādu,11.319300,76.773200
1356030543,Hullatti,Tamil Nādu,11.477100,76.696000
1356168712,Idangansalai,Tamil Nādu,11.627200,77.989000
1356448099,Idappadi,Tamil Nādu,11.583500,77.834100
1356173351,Idumbavanam,Tamil Nādu,10.422400,79.600100
1356058677,Ikkadu,Tamil Nādu,13.172400,79.935800
1356159442,Ikkarai Boluvampatti,Tamil Nādu,10.966900,76.799600
1356621144,Ilaiyankudi,Tamil Nādu,9.627100,78.624700
1356041811,Ilampillai,Tamil Nādu,11.606600,78.006800
1356459968,Iluppur,Tamil Nādu,10.513700,78.621600
1356226645,Inungur,Tamil Nādu,10.850700,78.488900
1356426034,Iraiyur,Tamil Nādu,11.783400,79.197000
1356858696,Irugur,Tamil Nādu,11.017800,77.062900
1356202676,Irungalur,Tamil Nādu,10.939900,78.761900
1356130975,Jadayampalaiyam,Tamil Nādu,11.293000,76.949500
1356034920,Jagannadapuram,Tamil Nādu,13.274500,80.180200
1356170346,Jakkampalaiyam,Tamil Nādu,10.526400,77.288400
1356972928,Jalakandapuram,Tamil Nādu,11.698600,77.877600
1356919193,Jalarpet,Tamil Nādu,12.570300,78.573200
1356167838,Jambai,Tamil Nādu,11.467800,77.643400
1356887511,Jambukuttaippatti,Tamil Nādu,12.324600,78.344300
1356333547,Jayamkondacholapuram,Tamil Nādu,11.212700,79.363700
1356304777,Jettihalli,Tamil Nādu,12.080000,78.119300
1356169189,Kachchippalli,Tamil Nādu,11.595000,77.918800
1356166809,Kadachchinallur,Tamil Nādu,11.368600,77.803300
1356657382,Kadaiyam,Tamil Nādu,8.832000,77.357000
1356371792,Kadaiyanallur,Tamil Nādu,9.074300,77.341900
1356005006,Kadaladi,Tamil Nādu,12.404000,78.966000
1356209842,Kadamalaikkundu,Tamil Nādu,9.811000,77.503900
1356014940,Kadanadu,Tamil Nādu,11.460700,76.718200
1356206442,Kadanganeri,Tamil Nādu,8.920000,77.550000
1356132916,Kadattur,Tamil Nādu,12.086100,78.292600
1356216354,Kadiapattanam,Tamil Nādu,8.131200,77.306700
1356641867,Kadiyampatti,Tamil Nādu,11.872000,78.096100
1356141085,Kaguchi,Tamil Nādu,11.451900,76.806100
1356219581,Kaikkudi,Tamil Nādu,9.893000,78.731300
1356069257,Kakalur,Tamil Nādu,13.139400,79.928700
1356172091,Kalaiyamputtur,Tamil Nādu,10.454200,77.483100
1356157318,Kalakkadu,Tamil Nādu,8.513800,77.549400
1356207626,Kalanivasal,Tamil Nādu,10.070000,78.780000
1356204247,Kalappalangulam,Tamil Nādu,9.188900,77.560400
1356160168,Kalappatti,Tamil Nādu,11.079400,77.037100
1356950297,Kalavai,Tamil Nādu,12.769100,79.419600
1356164000,Kalingiyam,Tamil Nādu,11.432400,77.417800
1356213371,Kalladai,Tamil Nādu,10.727200,78.463400
1356203495,Kallakkudi,Tamil Nādu,10.976700,78.952500
1356128673,Kallakkurichchi,Tamil Nādu,11.738000,78.962000
1356217780,Kallanai,Tamil Nādu,10.037400,78.082900
1356664693,Kallidaikurichi,Tamil Nādu,8.685900,77.465900
1356893230,Kallupatti,Tamil Nādu,9.716700,77.866700
1356095684,Kalugumalai,Tamil Nādu,9.149400,77.705700
1356215228,Kalvarpatti,Tamil Nādu,10.625000,77.937500
1356248016,Kamalapuram,Tamil Nādu,11.768000,78.059900
1356243384,Kamayakkavundanpatti,Tamil Nādu,9.738600,77.320000
1356561953,Kambainellur,Tamil Nādu,12.207100,78.318700
1356216667,Kambaliyampatti,Tamil Nādu,10.367100,78.123300
1356864573,Kambam,Tamil Nādu,9.737500,77.282300
1356214247,Kambaneri Pudukkudi,Tamil Nādu,9.068500,77.379500
1356214522,Kambur,Tamil Nādu,10.159900,78.326400
1356056335,Kamudi,Tamil Nādu,9.409000,78.367900
1356228711,Kanavaypatti,Tamil Nādu,10.185700,77.734700
1356250315,Kanavaypudur,Tamil Nādu,11.928200,78.183200
1356201349,Kandanur,Tamil Nādu,10.103700,78.825400
1356163905,Kandiyankovil,Tamil Nādu,11.014700,77.469500
1356560852,Kangayam,Tamil Nādu,11.005400,77.562000
1356699961,Kaniyambadi,Tamil Nādu,12.811800,79.134000
1356159500,Kaniyur,Tamil Nādu,11.093000,77.156000
1356169226,Kanjikkovil,Tamil Nādu,11.368900,77.596200
1356171156,Kannamanayakkanur,Tamil Nādu,10.552700,77.269000
1356039630,Kannamangalam,Tamil Nādu,12.749900,79.151800
1356169958,Kannampalaiyam,Tamil Nādu,10.995400,77.099000
1356099078,Kannandahalli,Tamil Nādu,12.416400,78.380300
1356236133,Kannanendal,Tamil Nādu,9.964900,78.141600
1356228888,Kannankurichchi,Tamil Nādu,11.696900,78.179400
1356251289,Kannivadi,Tamil Nādu,10.379400,77.830300
1356026727,Kanniyakumari,Tamil Nādu,8.091100,77.541700
1356202592,Kannudaiyampatti,Tamil Nādu,10.637700,78.473300
1356217828,Kanyakulam,Tamil Nādu,8.201200,77.401500
1356216346,Kappiyara,Tamil Nādu,8.246600,77.261700
1356245616,Karadichittur,Tamil Nādu,11.828900,78.875800
1356356577,Karai,Tamil Nādu,12.937700,79.316300
1356512763,Karaikkudi,Tamil Nādu,10.073500,78.773200
1356166236,Karaiyampudur,Tamil Nādu,11.007700,77.294200
1356284368,Karamadai,Tamil Nādu,11.242800,76.961700
1356141439,Karambakkudi,Tamil Nādu,10.458700,79.141000
1356163759,Karattuppalaiyam,Tamil Nādu,11.440200,77.357500
1356203361,Karivalamvandanallur,Tamil Nādu,9.271500,77.541600
1356464584,Kariyapatti,Tamil Nādu,9.674100,78.100700
1356253579,Karkudalpatti,Tamil Nādu,11.500200,78.352100
1356228001,Karukkalvadi,Tamil Nādu,11.671400,78.012600
1356168999,Karumandi Chellipalaiyam,Tamil Nādu,11.301900,77.586000
1356717480,Karumattampatti,Tamil Nādu,11.109300,77.182000
1356227186,Karuppur,Tamil Nādu,11.717000,78.092400
1356837900,Karur,Tamil Nādu,10.960100,78.076600
1356238320,Karuvelampatti,Tamil Nādu,9.844800,78.045100
1356166740,Karuveppampatti,Tamil Nādu,11.398300,77.874600
1356250210,Kasavanampatti,Tamil Nādu,10.369200,77.869900
1356697724,Katpadi,Tamil Nādu,12.969500,79.145500
1356744302,Kattagaram,Tamil Nādu,12.411000,78.315300
1356168279,Kattari,Tamil Nādu,11.459300,77.726300
1356200772,Kattirippulam,Tamil Nādu,10.464000,79.759700
1356595058,Kattivakkam,Tamil Nādu,13.216700,80.316700
1356243353,Kattukkottai,Tamil Nādu,11.602600,78.669800
1356099704,Kattupputtur,Tamil Nādu,10.983300,78.233300
1356992842,Kaveripatnam,Tamil Nādu,12.421900,78.218800
1356772268,Kavundappadi,Tamil Nādu,11.424800,77.557900
1356546663,Kayalpattanam,Tamil Nādu,8.563800,78.124600
1356975939,Kayattar,Tamil Nādu,8.946900,77.771400
1356944454,Kelamangalam,Tamil Nādu,12.603100,77.851900
1356649330,Kengarai,Tamil Nādu,11.414400,76.927700
1356164729,Kesarimangalam,Tamil Nādu,11.542300,77.724700
1356137841,Ketti,Tamil Nādu,11.400000,76.700000
1356216840,Khansahibpuram,Tamil Nādu,9.630400,77.602800
1356091652,Kil Valur,Tamil Nādu,10.765900,79.741900
1356066542,Kilakkarai,Tamil Nādu,9.231400,78.784800
1356218691,Kilakkurichchi,Tamil Nādu,10.764500,78.740600
1356228632,Kilankundal,Tamil Nādu,10.754300,77.726900
1356243881,Kilkottai,Tamil Nādu,10.286100,77.916000
1356523989,Kilkunda,Tamil Nādu,11.256900,76.669700
1356235645,Killai,Tamil Nādu,11.449300,79.766800
1356047226,Kilmangalam,Tamil Nādu,10.093300,77.610800
1356899164,Kilminnal,Tamil Nādu,12.944700,79.251400
1356210504,Kilrajakularaman,Tamil Nādu,9.396900,77.634400
1356082976,Kilvisharam,Tamil Nādu,12.914300,79.285400
1356786175,Kinattukkadavu,Tamil Nādu,10.822500,77.019600
1356232302,Kiramangalam,Tamil Nādu,10.285900,79.099600
1356113043,Kiranur,Tamil Nādu,11.692000,79.289900
1356227893,Kirippatti,Tamil Nādu,11.535700,78.489700
1356350123,Kodaikanal,Tamil Nādu,10.230000,77.480000
1356210052,Kodaimangalam,Tamil Nādu,10.473300,77.507000
1356131481,Kodakkal,Tamil Nādu,13.068500,79.414900
1356242702,Kodangipatti,Tamil Nādu,9.992000,77.433200
1356216825,Kodikkulam,Tamil Nādu,9.649300,77.586000
1356085608,Kodikulam,Tamil Nādu,9.993200,79.200700
1356546738,Kodivalasa,Tamil Nādu,13.254700,79.424900
1356494184,Kodumudi,Tamil Nādu,11.076900,77.887600
1356244107,Koduvilarpatti,Tamil Nādu,9.969500,77.491500
1356117775,Kolachel,Tamil Nādu,8.176700,77.259100
1356164008,Kolappalur,Tamil Nādu,11.510000,77.450000
1356208595,Kollankulam,Tamil Nādu,8.796400,77.568100
1356097455,Kombai,Tamil Nādu,9.847500,77.296000
1356227197,Kondalampatti,Tamil Nādu,11.626200,78.118900
1356168513,Kondayampalaiyam,Tamil Nādu,11.513000,77.437100
1356191649,Konganapuram,Tamil Nādu,11.571000,77.900400
1356245751,Kongupatti,Tamil Nādu,11.859300,78.021700
1356168823,Koranampatti,Tamil Nādu,11.608500,77.904900
1356163322,Koshanam,Tamil Nādu,11.370100,77.352300
1356645188,Kotagiri,Tamil Nādu,11.416700,76.866700
1356016563,Kotharpettai,Tamil Nādu,12.678000,78.624300
1356245670,Kottaikuppam,Tamil Nādu,11.961300,79.839200
1356227800,Kottaipatti,Tamil Nādu,10.153300,77.731500
1356073395,Kottaiyur,Tamil Nādu,10.109600,78.795600
1356170390,Kottampatti,Tamil Nādu,10.670500,77.019400
1356204817,Kottaram,Tamil Nādu,8.118800,77.524300
1356242685,Kottur,Tamil Nādu,9.903800,77.407100
1356026173,Kovilpatti,Tamil Nādu,9.174400,77.868800
1356053857,Kovilur,Tamil Nādu,12.553700,78.916800
1356128688,Krishnagiri,Tamil Nādu,12.531700,78.217400
1356224691,Krishnarayapuram,Tamil Nādu,10.956300,78.278200
1356249202,Kudangulam,Tamil Nādu,8.190300,77.700000
1356012268,Kudavasal,Tamil Nādu,10.858200,79.482300
1356227710,Kulattuppalaiyam,Tamil Nādu,10.761300,77.584300
1356961776,Kulattur,Tamil Nādu,10.705200,78.550700
1356566393,Kulittalai,Tamil Nādu,10.935700,78.424100
1356001816,Kumaralingam,Tamil Nādu,10.489400,77.349900
1356168265,Kumarapalaiyam,Tamil Nādu,11.441600,77.690700
1356201550,Kumarapuram,Tamil Nādu,8.292200,77.321500
1356208650,Kumaravadi,Tamil Nādu,10.526400,78.311800
1356960436,Kumbakonam,Tamil Nādu,10.960200,79.384500
1356763485,Kunimedu,Tamil Nādu,12.088500,79.894000
1356159324,Kuniyamuttur,Tamil Nādu,10.963800,76.952500
1356572788,Kunnattur,Tamil Nādu,11.272700,77.410700
1356219148,Kunnur,Tamil Nādu,9.588200,77.700600
1356241675,Kuppachchipalaiyam,Tamil Nādu,11.027300,78.113100
1356159322,Kurichchi,Tamil Nādu,10.960900,76.973800
1356242181,Kurumbalur,Tamil Nādu,11.236000,78.800500
1356160161,Kurumbapalaiyam,Tamil Nādu,11.105300,76.921700
1356489790,Kuttalam,Tamil Nādu,11.075800,79.560800
1356125994,Kuttanallur,Tamil Nādu,10.706900,79.523500
1356167967,Kuttappatti,Tamil Nādu,11.793900,77.922500
1356250206,Kuttattuppatti,Tamil Nādu,10.375900,77.897200
1356042082,Kuzhittura,Tamil Nādu,8.316500,77.206100
1356210555,Labbaikkudikkadu,Tamil Nādu,11.392200,79.021800
1356163777,Lakkampatti,Tamil Nādu,11.446100,77.411800
1356202940,Lakshminarayanapuram,Tamil Nādu,11.791400,79.555500
1356119022,Lalgudi,Tamil Nādu,10.870000,78.830000
1356119023,Laligam,Tamil Nādu,12.050000,78.150000
1356641236,Latteri,Tamil Nādu,12.971200,79.068500
1356207951,Livinjipuram,Tamil Nādu,8.153500,77.571900
1356297298,Madanancheri,Tamil Nādu,12.703400,78.599100
1356304896,Madarpakkam,Tamil Nādu,13.443900,80.001800
1356204860,Madathapatti,Tamil Nādu,9.132100,77.424500
1356371338,Madattukkulam,Tamil Nādu,10.558700,77.366000
1356134675,Maddur,Tamil Nādu,13.239700,79.565300
1356040409,Madepalli,Tamil Nādu,12.549100,78.340000
1356330429,Madhavaram,Tamil Nādu,13.148200,80.231400
1356832025,Madipakkam,Tamil Nādu,12.962300,80.198600
1356745410,Madukkarai,Tamil Nādu,10.905700,76.963400
1356068755,Madukkur,Tamil Nādu,10.480000,79.400000
1356257289,Madurai,Tamil Nādu,9.925200,78.119800
1356036953,Maduraivayal,Tamil Nādu,13.063100,80.171900
1356218426,Maharajapuram,Tamil Nādu,9.658800,77.663100
1356170212,Malaimachchampatti,Tamil Nādu,10.905800,77.005000
1356120013,Mallagunta,Tamil Nādu,12.634300,78.519400
1356402391,Mallappadi,Tamil Nādu,12.527300,78.375600
1356979622,Mallapuram,Tamil Nādu,11.982300,78.248000
1356123568,Mallasamudram,Tamil Nādu,11.493300,78.031200
1356169320,Mallikkundam,Tamil Nādu,11.871500,77.922700
1356237818,Mamarappatti,Tamil Nādu,11.484500,78.037400
1356866268,Manali,Tamil Nādu,13.166700,80.266700
1356810810,Manalurpettai,Tamil Nādu,12.007900,79.091800
1356699794,Manamadurai,Tamil Nādu,9.695600,78.456400
1356625120,Manamelkudi,Tamil Nādu,10.041900,79.230000
1356246237,Manamodu,Tamil Nādu,11.196500,79.595300
1356119464,Manappakkam,Tamil Nādu,13.010800,80.168600
1356338778,Manapparai,Tamil Nādu,10.607500,78.425300
1356078697,Manavalakurichi,Tamil Nādu,8.147800,77.305500
1356759036,Mandalavadi,Tamil Nādu,12.607300,78.605500
1356241519,Mandapam,Tamil Nādu,9.282200,79.143600
1356257846,Mangalam,Tamil Nādu,12.329800,79.179000
1356224150,Mangalapuram,Tamil Nādu,11.566700,78.378800
1356244165,Manivilundan,Tamil Nādu,11.600400,78.716900
1356364137,Manjathala,Tamil Nādu,11.362400,76.778900
1356064239,Mannachchanellur,Tamil Nādu,10.907800,78.702200
1356165944,Mannarai,Tamil Nādu,11.117200,77.372600
1356628918,Mannargudi,Tamil Nādu,10.665300,79.452100
1356214206,Maraneri,Tamil Nādu,9.433300,77.750000
1356242663,Maratturai,Tamil Nādu,11.100000,79.650000
1356222787,Marudur,Tamil Nādu,10.916000,78.450900
1356204785,Marungur,Tamil Nādu,8.172100,77.503700
1356160022,Masakkavundanchettipalaiyam,Tamil Nādu,11.147300,77.075600
1356951404,Masinigudi,Tamil Nādu,11.568300,76.640900
1356260234,Mattigiri,Tamil Nādu,12.698000,77.808300
1356202495,Mayamankurichchi,Tamil Nādu,8.885500,77.504100
1356204802,Mayiladi,Tamil Nādu,8.155000,77.505600
1356370271,Meddappakkam,Tamil Nādu,12.916600,80.193900
1356238516,Mel Bhuvanagiri,Tamil Nādu,11.438000,79.632800
1356201476,Mel Seval,Tamil Nādu,8.672200,77.614700
1356715167,Mela Gudalur,Tamil Nādu,9.440500,77.160300
1356234550,Melmadai,Tamil Nādu,9.926400,78.150300
1356228725,Melmangalam,Tamil Nādu,10.100000,77.583300
1356232290,Melpanaikkadu,Tamil Nādu,10.259900,79.116900
1356060351,Melur,Tamil Nādu,10.031300,78.338100
1356108640,Merkanam,Tamil Nādu,12.194200,79.943500
1356679430,Mettupalaiyam,Tamil Nādu,11.234100,76.906700
1356167377,Mettuppalaiyam,Tamil Nādu,11.450300,77.568200
1356216347,Midalam,Tamil Nādu,8.216700,77.266700
1356174047,Milattur,Tamil Nādu,10.857600,79.239400
1356250289,Minakshipuram,Tamil Nādu,9.881500,77.274700
1356804836,Minnal,Tamil Nādu,13.074400,79.559000
1356225075,Minnampalli,Tamil Nādu,11.675800,78.267600
1356680782,Mittahalli,Tamil Nādu,12.421000,78.199100
1356163956,Modachchur,Tamil Nādu,11.441500,77.428800
1356167384,Modakkurichchi,Tamil Nādu,11.232900,77.779400
1356169600,Modavandisatyamangalam,Tamil Nādu,11.263500,77.728500
1356214256,Mohanur,Tamil Nādu,11.059400,78.139700
1356160042,Moparipalaiyam,Tamil Nādu,11.133200,77.147000
1356166748,Morur,Tamil Nādu,11.422100,77.874300
1356109242,Mudichchur,Tamil Nādu,12.911000,80.069300
1356304316,Mudukulattur,Tamil Nādu,9.344000,78.513800
1356119465,Mugalivakkam,Tamil Nādu,13.020500,80.165300
1356164685,Mukasi Pidariyur,Tamil Nādu,11.206900,77.592200
1356204226,Mukkudal,Tamil Nādu,8.743100,77.522500
1356027640,Mukondapalli,Tamil Nādu,12.751400,77.801700
1356419663,Mulaikkaraippatti,Tamil Nādu,8.545400,77.767900
1356207389,Mulakumud,Tamil Nādu,8.268100,77.286000
1356581560,Mulanur,Tamil Nādu,10.794300,77.711500
1356165578,Murugampalaiyam,Tamil Nādu,11.080600,77.323800
1356164776,Murungattoluvu,Tamil Nādu,11.165100,77.641100
1356096058,Musiri,Tamil Nādu,10.933300,78.450000
1356209038,Muthuswamipuram,Tamil Nādu,9.390000,77.488700
1356166175,Muttanampalaiyam,Tamil Nādu,11.084500,77.396900
1356214142,Muttayyapuram,Tamil Nādu,8.749800,78.131100
1356227156,Muttunayakkanpatti,Tamil Nādu,11.712500,78.033000
1356647743,Muttupet,Tamil Nādu,10.395000,79.493500
1356141769,Naduhatti,Tamil Nādu,11.404300,76.816000
1356244943,Naduvalur,Tamil Nādu,11.480000,78.650000
1356153745,Naduvattam,Tamil Nādu,11.480800,76.543700
1356257973,Nagaiyampatti,Tamil Nādu,11.463900,78.480100
1356051733,Nagercoil,Tamil Nādu,8.183300,77.411900
1356597348,Nagojanahalli,Tamil Nādu,12.357000,78.288600
1356028475,Nalambur,Tamil Nādu,13.086700,80.170300
1356219724,Nalikkalpatti,Tamil Nādu,11.602100,78.134000
1356251491,Nallippalaiyam,Tamil Nādu,11.238800,78.149500
1356163914,Nallur,Tamil Nādu,11.100300,77.391400
1356621032,Namagiripettai,Tamil Nādu,11.470000,78.270000
1356002991,Namakkal,Tamil Nādu,11.216700,78.166700
1356781564,Nambiyur,Tamil Nādu,11.358100,77.321100
1356056741,Nambutalai,Tamil Nādu,9.727700,79.007100
1356366942,Nandiyalam,Tamil Nādu,12.923700,79.263500
1356501976,Nangavalli,Tamil Nādu,11.761900,77.890900
1356221132,Nangavaram,Tamil Nādu,10.869200,78.539200
1356265096,Nanguneri,Tamil Nādu,8.490600,77.658800
1356948865,Nanjanad,Tamil Nādu,11.366900,76.641500
1356174083,Nanjikkottai,Tamil Nādu,10.745300,79.128900
1356151928,Nanjundapuram,Tamil Nādu,11.085700,76.872600
1356222827,Nanthankulam,Tamil Nādu,8.333100,77.844200
1356201643,Naranammalpuram,Tamil Nādu,8.759900,77.739900
1356165582,Naranapuram,Tamil Nādu,11.025400,77.290000
1356244201,Naranattenvanpatti,Tamil Nādu,9.723300,77.309900
1356232788,Narasingam,Tamil Nādu,9.965800,78.183300
1356244145,Narasingapuram,Tamil Nādu,11.603800,78.577800
1356579086,Naravarikuppam,Tamil Nādu,13.191300,80.184700
1356169374,Nasiyanur,Tamil Nādu,11.338100,77.640800
1356165327,Nattakkadaiyur,Tamil Nādu,11.088200,77.663700
1356227042,Nattam,Tamil Nādu,10.224900,78.231000
1356365336,Nattappettai,Tamil Nādu,12.818700,79.749300
1356088086,Nattarampalli,Tamil Nādu,12.592000,78.511600
1356443818,Nattarasankottai,Tamil Nādu,9.869000,78.553100
1356213472,Navalpattu,Tamil Nādu,10.755700,78.606400
1356241227,Navani,Tamil Nādu,11.370900,78.138000
1356168026,Navappatti,Tamil Nādu,11.739300,77.783600
1356203007,Navinipatti,Tamil Nādu,10.043900,78.355700
1356236129,Nayanakulam,Tamil Nādu,9.961100,78.137100
1356111397,Nazareth,Tamil Nādu,8.556200,77.971000
1356702562,Nedugula,Tamil Nādu,11.476400,76.890400
1356879770,Negapatam,Tamil Nādu,10.766700,79.833300
1356958431,Nelali,Tamil Nādu,10.928200,77.483200
1356204878,Nelkattumseval,Tamil Nādu,9.240000,77.530000
1356710287,Nellikkuppam,Tamil Nādu,11.766700,79.683300
1356792077,Nelliyalam,Tamil Nādu,11.525500,76.358900
1356646512,Nemili,Tamil Nādu,12.978300,79.617200
1356538969,Nerinjippettai,Tamil Nādu,11.654300,77.758600
1356858169,Nerkunram,Tamil Nādu,13.066700,80.283300
1356163852,Nerupperichchal,Tamil Nādu,11.161000,77.374000
1356663511,Nettadahalli,Tamil Nādu,12.133000,78.067100
1356172097,Neykkarappatti,Tamil Nādu,10.448900,77.462700
1356265572,Neyveli,Tamil Nādu,11.608800,79.499400
1356192736,Nidamangalam,Tamil Nādu,10.772000,79.416700
1356238317,Nilaiyur,Tamil Nādu,9.857200,78.059800
1356243370,Nilakkottai,Tamil Nādu,10.170000,77.870000
1356159587,Nilambur,Tamil Nādu,11.059000,77.083800
1356219726,Nilavarappatti,Tamil Nādu,11.608100,78.149900
1356214250,Nottampatti,Tamil Nādu,9.977200,77.717700
1356243274,Odaipatti,Tamil Nādu,9.832300,77.443300
1356162297,Odaiyakulam,Tamil Nādu,10.567900,76.910500
1356169775,Odatturai,Tamil Nādu,11.457700,77.515000
1356219755,Odayarpatti,Tamil Nādu,11.666300,78.214400
1356192754,Odugattur,Tamil Nādu,12.767900,78.883000
1356164744,Olagadam,Tamil Nādu,11.565600,77.642800
1356168343,Olaippatti,Tamil Nādu,11.767600,77.992700
1356613575,Omalur,Tamil Nādu,11.730000,78.070000
1356809681,Ootacamund,Tamil Nādu,11.410000,76.700000
1356284295,Oppatavadi,Tamil Nādu,12.569000,78.399200
1356159706,Ottaikkalmantapam,Tamil Nādu,10.882700,76.994300
1356233663,Ottakkadai,Tamil Nādu,9.958000,78.188600
1356165713,Ottapparai,Tamil Nādu,11.193600,77.596400
1356118455,Ottappidaram,Tamil Nādu,8.912700,78.021800
1356245563,Pachchaimalaiyankottai,Tamil Nādu,10.273600,77.879400
1356163575,Pachchampalaiyam,Tamil Nādu,11.572300,77.609600
1356166710,Padaivedu,Tamil Nādu,11.440100,77.808900
1356024180,Padavedu,Tamil Nādu,12.673000,79.104700
1356720796,Padiyanallur,Tamil Nādu,13.200400,80.176100
1356222294,Padiyur,Tamil Nādu,10.423400,78.025400
1356030422,Padmanabhapuram,Tamil Nādu,8.244600,77.336700
1356226693,Padugaipattu,Tamil Nādu,8.364200,77.981500
1356817310,Paiganapalli,Tamil Nādu,12.476000,78.174800
1356244960,Paittur,Tamil Nādu,11.535600,78.574900
1356051238,Pakkam,Tamil Nādu,13.143600,80.028000
1356125524,Palaiya Ayakkudi,Tamil Nādu,10.456000,77.559500
1356219223,Palaiyam,Tamil Nādu,10.725600,78.135400
1356204531,Palaiyampatti,Tamil Nādu,9.539200,78.098400
1356661099,Palakodu,Tamil Nādu,12.303700,78.073000
1356644642,Palamedu,Tamil Nādu,10.105000,78.113400
1356165837,Palangarai,Tamil Nādu,11.197800,77.305800
1356229996,Palangavangudi,Tamil Nādu,10.724400,78.810800
1356242703,Palanisettipatti,Tamil Nādu,9.999800,77.464100
1356208544,Palankottai,Tamil Nādu,9.135600,77.695200
1356207947,Palavur,Tamil Nādu,8.205500,77.575500
1356078107,Palepalli,Tamil Nādu,12.566700,78.307100
1356233434,Palladam,Tamil Nādu,10.990000,77.200000
1356214211,Pallapatti,Tamil Nādu,9.466400,77.821900
1356169956,Pallappalaiyam,Tamil Nādu,10.995100,77.084500
1356278919,Pallappatti,Tamil Nādu,10.719800,77.891500
1356048519,Pallattur,Tamil Nādu,10.146100,78.803100
1356057661,Pallavaram,Tamil Nādu,12.967500,80.149100
1356329874,Pallijkarani,Tamil Nādu,12.933300,80.202200
1356612703,Pallikondai,Tamil Nādu,12.916700,78.933300
1356169579,Pallipalaiyam,Tamil Nādu,11.367900,77.743500
1356169335,Pallippatti,Tamil Nādu,11.872200,77.897000
1356384365,Palni,Tamil Nādu,10.450000,77.516100
1356135474,Pamban,Tamil Nādu,9.279000,79.210900
1356098939,Panakkudi,Tamil Nādu,8.349200,77.567200
1356226426,Panamarattuppatti,Tamil Nādu,11.562000,78.164900
1356621794,Panapakkam,Tamil Nādu,12.921000,79.566300
1356715413,Pandalkudi,Tamil Nādu,9.394700,78.105100
1356173614,Pandaravadai,Tamil Nādu,10.913300,79.241900
1356219631,Pangunattam,Tamil Nādu,12.111200,78.012300
1356242537,Panjampatti,Tamil Nādu,10.317800,77.926300
1356205007,Pannaikkadu,Tamil Nādu,10.276100,77.627200
1356312978,Pannimadai,Tamil Nādu,11.082300,76.916400
1356212248,Panpuli,Tamil Nādu,9.021400,77.250200
1356830695,Panruti,Tamil Nādu,11.770000,79.550000
1356776070,Papanasam,Tamil Nādu,10.927300,79.270800
1356389803,Papireddippatti,Tamil Nādu,11.914000,78.367500
1356206423,Pappakudi,Tamil Nādu,8.752000,77.502600
1356222044,Pappakurichchi,Tamil Nādu,10.813700,78.748100
1356906205,Pappampatti,Tamil Nādu,10.444600,77.404800
1356252319,Paraippatti,Tamil Nādu,10.314400,77.860100
1356185369,Paramagudi,Tamil Nādu,9.549400,78.589100
1356416905,Paramanandal,Tamil Nādu,12.358500,78.766400
1356232090,Paramankurichi,Tamil Nādu,8.478500,78.046500
1356176307,Paramati,Tamil Nādu,11.154400,78.021300
1356086834,Parapatti,Tamil Nādu,12.108300,78.019800
1356231818,Paravai,Tamil Nādu,9.969000,78.061300
1356746876,Partibanur,Tamil Nādu,9.585500,78.454500
1356162540,Parur,Tamil Nādu,11.579300,79.255000
1356173632,Pasupatikovil,Tamil Nādu,10.889300,79.179500
1356028325,Patchur,Tamil Nādu,12.594900,78.462200
1356163243,Patlur,Tamil Nādu,11.600000,77.600000
1356205164,Pattamadai,Tamil Nādu,8.672600,77.584500
1356231085,Pattanam,Tamil Nādu,11.472800,78.210900
1356176191,Pattiswaram,Tamil Nādu,10.925300,79.342400
1356044693,Pattukkottai,Tamil Nādu,10.430000,79.320000
1356234407,Pavittiram,Tamil Nādu,11.140600,78.363100
1356124725,Pedappai,Tamil Nādu,12.885400,80.022000
1356183893,Pennadam,Tamil Nādu,11.403900,79.241600
1356884367,Pennagaram,Tamil Nādu,12.134300,77.895200
1356124163,Peraiyur,Tamil Nādu,9.734100,77.790000
1356684065,Perambalur,Tamil Nādu,11.230000,78.880000
1356208271,Peranampattu,Tamil Nādu,12.938700,78.702800
1356611422,Peravurani,Tamil Nādu,10.300000,79.180000
1356169558,Periya Semur,Tamil Nādu,11.370000,77.690800
1356167576,Periya Soragai,Tamil Nādu,11.739400,77.917000
1356163346,Periyakoduveri,Tamil Nādu,11.481100,77.298900
1356498668,Periyakulam,Tamil Nādu,10.120000,77.550000
1356106818,Periyamuttur,Tamil Nādu,12.463000,78.196900
1356123218,Periyanayakkanpalaiyam,Tamil Nādu,11.154400,76.949900
1356203865,Periyanegamam,Tamil Nādu,10.743200,77.103000
1356162416,Periyapodu,Tamil Nādu,10.609900,76.878600
1356167822,Periyapuliyur,Tamil Nādu,11.429600,77.630900
1356409813,Perumbakkam,Tamil Nādu,12.905500,80.199300
1356048447,Perumbalai,Tamil Nādu,11.963500,77.937500
1356172303,Perumpandi,Tamil Nādu,10.980800,79.383900
1356086268,Perumuchchi,Tamil Nādu,13.056000,79.675500
1356607726,Perundurai,Tamil Nādu,11.277700,77.583700
1356205314,Perungudi,Tamil Nādu,8.279200,77.603100
1356222825,Perungulam,Tamil Nādu,8.641300,77.998500
1356132023,Perunkalattu,Tamil Nādu,12.918200,80.082400
1356689266,Perunkolattur,Tamil Nādu,12.043000,78.917400
1356425025,Perur,Tamil Nādu,10.975200,76.912900
1356226621,Pettaivayttalai,Tamil Nādu,10.901400,78.494000
1356169104,Pettampalaiyam,Tamil Nādu,11.349900,77.570600
1356244833,Pillaiyarkuppam,Tamil Nādu,11.811900,79.792200
1356230178,Pillanallur,Tamil Nādu,11.432200,78.133400
1356639054,Podaturpeta,Tamil Nādu,13.281700,79.485400
1356420688,Pollachi,Tamil Nādu,10.659000,77.008000
1356267180,Polur,Tamil Nādu,12.500000,79.130000
1356170026,Pongalur,Tamil Nādu,10.965400,77.372000
1356201540,Ponmana,Tamil Nādu,8.386700,77.200600
1356059965,Ponnai,Tamil Nādu,13.127600,79.257500
1356460227,Ponnamaravati,Tamil Nādu,10.280300,78.536000
1356215759,Ponnampatti,Tamil Nādu,10.366800,78.395500
1356521272,Ponneri,Tamil Nādu,13.320000,80.200000
1356180476,Poonamallee,Tamil Nādu,13.046500,80.110000
1356112242,Porur,Tamil Nādu,13.035600,80.158200
1356703006,Pottanur,Tamil Nādu,11.109800,77.988800
1356251391,Pottipuram,Tamil Nādu,9.970900,77.213700
1356231720,Pottireddippatti,Tamil Nādu,11.165900,78.270800
1356184959,Prataparampuram,Tamil Nādu,10.674100,79.851200
1356619182,Pudukkottai,Tamil Nādu,10.383300,78.800100
1356118601,Pudupattanam,Tamil Nādu,12.503700,80.150700
1356176214,Puduppattanam,Tamil Nādu,10.762600,79.161600
1356253569,Puduppatti,Tamil Nādu,11.550000,78.283300
1356243296,Pudur,Tamil Nādu,9.000100,77.207600
1356336025,Puduvayal,Tamil Nādu,10.103400,78.846200
1356317294,Pulicat,Tamil Nādu,13.416100,80.316800
1356483360,Puligunta,Tamil Nādu,12.439500,78.362500
1356175059,Pulivalam,Tamil Nādu,10.752500,79.635200
1356168414,Puliyampatti,Tamil Nādu,11.665300,77.804100
1356638840,Puliyankudi,Tamil Nādu,9.172500,77.395600
1356459188,Puliyara,Tamil Nādu,9.004100,77.188900
1356118165,Puliyur,Tamil Nādu,10.949900,78.145300
1356106831,Pullambadi,Tamil Nādu,10.966700,78.916700
1356159468,Puluvappatti,Tamil Nādu,10.963000,76.815800
1356243267,Pumalakkundu,Tamil Nādu,9.887100,77.449800
1356740281,Pungulam,Tamil Nādu,12.572700,78.753000
1356167863,Punjai Kalamangalam,Tamil Nādu,11.232200,77.823600
1356166984,Punjai Lakkapuram,Tamil Nādu,11.305000,77.755400
1356455477,Punjai Puliyampatti,Tamil Nādu,11.351600,77.166700
1356168380,Punjai Turaiyampalaiyam,Tamil Nādu,11.514200,77.423400
1356214131,Punnaikkayal,Tamil Nādu,8.632200,78.111900
1356224793,Punnappatti,Tamil Nādu,10.224300,78.198200
1356171131,Pushpattur,Tamil Nādu,10.543800,77.410000
1356245640,Puttai,Tamil Nādu,11.895700,78.887400
1356226752,Puttalam,Tamil Nādu,8.098100,77.464000
1356016712,Puttanattam,Tamil Nādu,10.467000,78.368700
1356205510,Puvalur,Tamil Nādu,10.900300,78.830800
1356173611,Rajagiri,Tamil Nādu,10.933300,79.233300
1356110350,Rajapalaiyam,Tamil Nādu,9.420400,77.580000
1356182496,Ramanathapuram,Tamil Nādu,9.363900,78.839500
1356242788,Ramanayakkanpalaiyam,Tamil Nādu,11.629100,78.562400
1356162555,Ramapattanam,Tamil Nādu,10.710600,76.918300
1356465756,Rameswaram,Tamil Nādu,9.288000,79.313000
1356874157,Ranipet,Tamil Nādu,12.924700,79.333300
1356251389,Rasingapuram,Tamil Nādu,9.944800,77.336200
1356036977,Rasipuram,Tamil Nādu,11.470000,78.170000
1356252406,Rayappanpatti,Tamil Nādu,9.799700,77.237200
1356252502,Reddippatti,Tamil Nādu,11.210000,78.216600
1356222877,Reddiyapatti,Tamil Nādu,10.158100,78.190100
1356111969,Rettanai,Tamil Nādu,12.195300,79.552600
1356339006,Rishivandiyam,Tamil Nādu,11.817000,79.100000
1356212285,Sakkamapatti,Tamil Nādu,9.925000,77.603900
1356204683,Salamedu,Tamil Nādu,11.908800,79.491900
1356168592,Salangaippalaiyam,Tamil Nādu,11.426000,77.570700
1356567087,Salem,Tamil Nādu,11.650000,78.150000
1356159517,Samalapuram,Tamil Nādu,11.072400,77.198000
1356429861,Samayanallur,Tamil Nādu,9.979200,78.035900
1356205369,Samsikapuram,Tamil Nādu,9.415600,77.591700
1356966080,Sankaranayinar Kovil,Tamil Nādu,9.160000,77.550000
1356903753,Sankaridrug,Tamil Nādu,11.480000,77.870000
1356210112,Sarakkayhalli,Tamil Nādu,12.219100,78.048000
1356304050,Satyamangalam,Tamil Nādu,11.516700,77.250000
1356108648,Sayalkudi,Tamil Nādu,9.169200,78.447000
1356468611,Sayarpuram,Tamil Nādu,8.682200,78.026500
1356190406,Segarai,Tamil Nādu,10.730000,79.511100
1356153290,Sembedu,Tamil Nādu,13.129800,79.563400
1356215719,Semmarikulan,Tamil Nādu,8.481500,77.997200
1356227752,Senapparetti,Tamil Nādu,10.962500,78.113200
1356633926,Sendamangalam,Tamil Nādu,11.282500,78.233900
1356027575,Sendamaram,Tamil Nādu,9.064800,77.436900
1356253655,Sendarappatti,Tamil Nādu,11.437300,78.521500
1356395330,Sendurai,Tamil Nādu,10.393400,78.251700
1356217443,Sengurichchi,Tamil Nādu,10.375600,78.165800
1356149578,Sermadevi,Tamil Nādu,8.687300,77.566200
1356209039,Settiyarpatti,Tamil Nādu,9.393500,77.493500
1356071916,Seven Pagodas,Tamil Nādu,12.620800,80.193300
1356926613,Sevilimedu,Tamil Nādu,12.808300,79.686400
1356060240,Sevur,Tamil Nādu,12.686500,79.268700
1356481817,Seydunganallur,Tamil Nādu,8.662400,77.829300
1356228754,Shanmukhasundarapuram,Tamil Nādu,10.006500,77.598200
1356064369,Shencottah,Tamil Nādu,8.973300,77.246400
1356278926,Shiyali,Tamil Nādu,11.239000,79.736000
1356077846,Sholinghur,Tamil Nādu,13.120000,79.420000
1356241713,Silaiyampatti,Tamil Nādu,9.873200,77.392700
1356251387,Silamalai,Tamil Nādu,9.962100,77.337100
1356224423,Silappadi,Tamil Nādu,10.394000,78.007800
1356246139,Silvarpatti,Tamil Nādu,10.447300,77.908600
1356250198,Sindalakkundu,Tamil Nādu,10.366500,77.904600
1356232146,Singalandapuram,Tamil Nādu,11.416600,78.222400
1356208126,Singampunari,Tamil Nādu,10.181500,78.423100
1356823994,Singapperumalkovil,Tamil Nādu,12.759500,80.007500
1356243272,Sipalakottai,Tamil Nādu,9.849300,77.451700
1356207460,Sirpanandal,Tamil Nādu,11.974100,79.042800
1356225001,Sirugamani,Tamil Nādu,10.897500,78.514200
1356228387,Sirugudi,Tamil Nādu,10.262700,78.308800
1356143655,Sirumugai,Tamil Nādu,11.321400,77.005200
1356246885,Siruvachchur,Tamil Nādu,11.638000,78.755700
1356142549,Siruvalur,Tamil Nādu,11.360000,77.457500
1356528232,Sivaganga,Tamil Nādu,9.843300,78.480900
1356934751,Sivagiri,Tamil Nādu,11.120000,77.800000
1356111487,Sivakasi,Tamil Nādu,9.450000,77.800000
1356202498,Sivalarkulam,Tamil Nādu,8.870000,77.526700
1356164580,Sivamalai,Tamil Nādu,11.031900,77.538400
1356214725,Sivandipuram,Tamil Nādu,8.781100,77.342800
1356204350,Solapuram,Tamil Nādu,9.375700,77.559800
1356170243,Somavarappatti,Tamil Nādu,10.677900,77.213100
1356168854,Sottaiyampalaiyam,Tamil Nādu,11.405300,77.679400
1356640376,Srimushnam,Tamil Nādu,11.401200,79.403800
1356588291,Sriperumbudur,Tamil Nādu,12.968000,79.947300
1356246673,Srirampuram,Tamil Nādu,10.434600,77.807500
1356398114,Srivaikuntam,Tamil Nādu,8.631800,77.913000
1356411981,Srivilliputtur,Tamil Nādu,9.512000,77.633000
1356160163,Srvanampatti,Tamil Nādu,11.076400,77.004500
1356095431,Suchindram,Tamil Nādu,8.154400,77.467000
1356224682,Sukkampatti,Tamil Nādu,10.526700,78.172800
1356425553,Sulagiri,Tamil Nādu,12.664500,78.013400
1356170691,Suleswaranpatti,Tamil Nādu,10.638800,77.008400
1356463067,Sundapalaiyam,Tamil Nādu,11.001400,76.873200
1356218421,Sundarapandiyam,Tamil Nādu,9.612700,77.673800
1356245943,Sundekuppam,Tamil Nādu,12.456700,78.212500
1356169572,Surampatti,Tamil Nādu,11.341100,77.695600
1356097080,Surandai,Tamil Nādu,8.977300,77.420600
1356168794,Surappalli,Tamil Nādu,11.718700,77.877800
1356201488,Suttamalli,Tamil Nādu,8.698700,77.632300
1356632235,Swamimalai,Tamil Nādu,10.957500,79.329300
1356780956,Tadangam,Tamil Nādu,12.105600,78.122600
1356912309,Tadapurambakkam,Tamil Nādu,13.320500,80.195900
1356786637,Tadikombu,Tamil Nādu,10.439000,77.954600
1356294017,Taiyur,Tamil Nādu,12.783300,80.183300
1356217022,Takkali,Tamil Nādu,8.246100,77.318600
1356344925,Takkolam,Tamil Nādu,13.016400,79.732500
1356055273,Talainayar Agraharam,Tamil Nādu,10.561400,79.772300
1356217034,Talakulam,Tamil Nādu,8.182400,77.316100
1356280276,Talavadi,Tamil Nādu,11.778000,77.005500
1356257990,Talugai,Tamil Nādu,11.375200,78.482200
1356228734,Tamaraikkulam,Tamil Nādu,10.108500,77.555300
1356226769,Tamarakulam,Tamil Nādu,8.132500,77.484800
1356045454,Tambaram,Tamil Nādu,12.831000,80.045900
1356881648,Tammampatti,Tamil Nādu,11.438100,78.483600
1356236922,Tanakkangulam,Tamil Nādu,9.887700,78.039700
1356143548,Tandarampattu,Tamil Nādu,12.153300,78.947300
1356215690,Tanichchiyam,Tamil Nādu,10.041200,78.012700
1356926881,Tanippadi,Tamil Nādu,12.107800,78.834000
1356599194,Tanjore,Tamil Nādu,10.787000,79.137800
1356170643,Taramangalam,Tamil Nādu,11.700000,77.980000
1356223880,Tazhakudi,Tamil Nādu,8.234800,77.453300
1356121903,Tekkampatti,Tamil Nādu,11.255900,76.887200
1356233814,Tekkattur,Tamil Nādu,10.299700,78.788400
1356127154,Tellar,Tamil Nādu,12.401100,79.553000
1356220952,Tenambakkam,Tamil Nādu,12.810200,79.734100
1356225907,Tengampudur,Tamil Nādu,8.115800,77.457900
1356465590,Tenkasi,Tamil Nādu,8.956400,77.315200
1356209027,Tenmalai,Tamil Nādu,9.312900,77.495900
1356173030,Tepperumalnallur,Tamil Nādu,10.969400,79.425400
1356233103,Terku Narippaiyur,Tamil Nādu,9.116700,78.418800
1356205329,Terku Valliyur,Tamil Nādu,8.357000,77.608700
1356204361,Terkuvenganallur,Tamil Nādu,9.405200,77.540800
1356247265,Tettuppatti,Tamil Nādu,10.397900,77.822500
1356378133,Tevaram,Tamil Nādu,9.896700,77.280900
1356169701,Thevur,Tamil Nādu,11.524000,77.753900
1356942559,Thimiri,Tamil Nādu,12.828300,79.307900
1356172372,Tillaivilagam,Tamil Nādu,10.412700,79.554700
1356228777,Timmarasanayakkanur,Tamil Nādu,10.001500,77.676900
1356132369,Tindivanam,Tamil Nādu,12.226700,79.650400
1356411606,Tinnanur,Tamil Nādu,13.114500,80.027100
1356037155,Tinnevelly,Tamil Nādu,8.713600,77.756700
1356161208,Tiruchchuli,Tamil Nādu,9.534800,78.200800
1356944816,Tiruchendur,Tamil Nādu,8.494600,78.121900
1356749372,Tiruchengodu,Tamil Nādu,11.379000,77.894900
1356106403,Tirukkalikkunram,Tamil Nādu,12.606700,80.062500
1356846103,Tirukkattuppalli,Tamil Nādu,10.848100,78.952600
1356662137,Tirukkoyilur,Tamil Nādu,11.950000,79.200000
1356233075,Tirumalaippatti,Tamil Nādu,11.335300,78.219400
1356159709,Tirumalaiyampalaiyam,Tamil Nādu,10.879000,76.929500
1356171574,Tirumangalakkudi,Tamil Nādu,11.021400,79.471400
1356214298,Tirumangalam,Tamil Nādu,9.821600,77.989100
1356872503,Tirumayam,Tamil Nādu,10.244900,78.746400
1356163710,Tirumuruganpundi,Tamil Nādu,11.164900,77.308400
1356173215,Tirunageswaram,Tamil Nādu,10.964600,79.429300
1356568594,Tiruppachur,Tamil Nādu,13.138400,79.876400
1356231836,Tiruppalai,Tamil Nādu,9.982500,78.143000
1356072980,Tiruppalaikudi,Tamil Nādu,9.546100,78.917200
1356037156,Tiruppanandal,Tamil Nādu,11.091900,79.453800
1356018714,Tirupparangunram,Tamil Nādu,9.881500,78.073100
1356818110,Tiruppattur,Tamil Nādu,12.500000,78.600000
1356665177,Tirupporur,Tamil Nādu,12.725900,80.189500
1356539761,Tiruppur,Tamil Nādu,11.108500,77.341100
1356482598,Tiruppuvanam,Tamil Nādu,9.855000,78.274400
1356125534,Tiruttangal,Tamil Nādu,9.483300,77.833300
1356102827,Tiruttani,Tamil Nādu,13.180000,79.630000
1356134060,Tirutturaippundi,Tamil Nādu,10.530000,79.650000
1356628264,Tiruvadamarudur,Tamil Nādu,10.906500,79.448200
1356227524,Tiruvadanai,Tamil Nādu,9.784100,78.917200
1356934920,Tiruvadi,Tamil Nādu,10.880500,79.104900
1356244061,Tiruvaduturai,Tamil Nādu,11.037900,79.521500
1356990853,Tiruvalam,Tamil Nādu,12.982500,79.266100
1356035619,Tiruvalanjuli,Tamil Nādu,10.944900,79.328600
1356625145,Tiruvallur,Tamil Nādu,13.123100,79.912000
1356119061,Tiruvalur,Tamil Nādu,10.773000,79.637000
1356221818,Tiruvambalapuram,Tamil Nādu,8.251400,77.775200
1356090947,Tiruvankod,Tamil Nādu,8.245200,77.301000
1356561184,Tiruvannamalai,Tamil Nādu,12.130000,79.070000
1356235662,Tiruvasaladi,Tamil Nādu,11.401300,79.774600
1356205250,Tiruvattar,Tamil Nādu,8.330700,77.267300
1356289004,Tiruvengadam,Tamil Nādu,9.258600,77.674800
1356327885,Tiruvennanallur,Tamil Nādu,11.858900,79.366400
1356207661,Tiruverumbur,Tamil Nādu,10.793700,78.769000
1356964110,Tiruvottiyur,Tamil Nādu,13.160000,80.300000
1356731513,Tittachcheri,Tamil Nādu,10.867400,79.789300
1356200149,Tittagudi,Tamil Nādu,11.416700,79.116700
1356051000,Togamalai,Tamil Nādu,10.725100,78.410800
1356166662,Tokkavadi,Tamil Nādu,11.370200,77.841200
1356232670,Toluprpatti,Tamil Nādu,11.024400,78.313400
1356191008,Tondi,Tamil Nādu,9.741700,79.017700
1356454221,Tottiyam,Tamil Nādu,10.988000,78.336300
1356172711,Tovala,Tamil Nādu,8.248200,77.527800
1356342738,Tranquebar,Tamil Nādu,11.029200,79.849400
1356884472,Trichinopoly,Tamil Nādu,10.790300,78.704700
1356728214,Tudiyalur,Tamil Nādu,11.081600,76.944600
1356213650,Tullukuttinayakkanur,Tamil Nādu,9.814900,77.680800
1356983406,Tumberi,Tamil Nādu,12.698600,78.585600
1356246787,Tumbippadi,Tamil Nādu,11.808000,78.078300
1356750225,Tummanatti,Tamil Nādu,11.428400,76.758500
1356171107,Tungavi,Tamil Nādu,10.626300,77.329400
1356208904,Turaiyur,Tamil Nādu,11.168600,78.621100
1356751023,Tuticorin,Tamil Nādu,8.764200,78.134800
1356229997,Tuvagudi,Tamil Nādu,10.756400,78.801100
1356898345,Tyagadurgam,Tamil Nādu,11.741100,79.077000
1356413814,Udamalpet,Tamil Nādu,10.585500,77.251300
1356139197,Udayendram,Tamil Nādu,12.696200,78.622700
1356257972,Ulipuram,Tamil Nādu,11.466700,78.466700
1356172308,Ullur,Tamil Nādu,10.970600,79.406300
1356224965,Uppidamangalam,Tamil Nādu,10.903400,78.157500
1356241697,Uppukkottai,Tamil Nādu,9.958700,77.410500
1356217336,Uranganpatti,Tamil Nādu,9.998400,78.429700
1356683619,Usilampatti,Tamil Nādu,9.970000,77.800000
1356241129,Usuppur,Tamil Nādu,11.381500,79.697000
1356877367,Uttamapalaiyam,Tamil Nādu,9.800000,77.333300
1356014919,Uttaramerur,Tamil Nādu,12.616000,79.753000
1356275517,Uttukkuli,Tamil Nādu,11.168900,77.454300
1356320342,Uttumalai,Tamil Nādu,8.991600,77.531800
1356207199,Vadacheri,Tamil Nādu,10.732400,78.526100
1356231267,Vadakadu,Tamil Nādu,10.341800,79.060900
1356212260,Vadakarai Kil Pidagai,Tamil Nādu,9.040100,77.274100
1356244789,Vadakkanandal,Tamil Nādu,11.773900,78.866600
1356201450,Vadakku Ariyanayakipuram,Tamil Nādu,8.720800,77.545000
1356766618,Vadakku Valliyur,Tamil Nādu,8.383300,77.650000
1356820577,Vadakku Viravanallur,Tamil Nādu,8.697900,77.519200
1356094891,Vadamadurai,Tamil Nādu,10.440800,78.097800
1356165697,Vadamugam Vellodu,Tamil Nādu,11.236600,77.661700
1356236912,Vadapalanji,Tamil Nādu,9.926600,78.009600
1356221888,Vadasseri,Tamil Nādu,8.193700,77.434300
1356239743,Vadavalam,Tamil Nādu,10.428600,78.891300
1356781996,Vadavalli,Tamil Nādu,11.025800,76.903800
1356136892,Vadippatti,Tamil Nādu,10.084300,77.963400
1356165126,Vadugapatti,Tamil Nādu,11.151800,77.737500
1356228731,Vadugappatti,Tamil Nādu,10.103600,77.573100
1356167064,Vaikuntam,Tamil Nādu,11.519700,77.939800
1356416006,Vairampatti,Tamil Nādu,10.551500,78.302200
1356258651,Vairichettipalaiyam,Tamil Nādu,11.287200,78.489300
1356024243,Valaiyampattu,Tamil Nādu,12.692700,78.634700
1356317285,Valangiman,Tamil Nādu,10.889700,79.394000
1356805252,Valantaravai,Tamil Nādu,9.339000,78.887100
1356213462,Valavandankottai,Tamil Nādu,10.766700,78.833300
1356608642,Valavanur,Tamil Nādu,11.920500,79.578500
1356401542,Vallam,Tamil Nādu,10.719900,79.059800
1356924542,Vallur,Tamil Nādu,13.256000,80.281800
1356065507,Valparai,Tamil Nādu,10.327600,76.955300
1356168182,Vanavasi,Tamil Nādu,11.752300,77.877900
1356485818,Vandalur,Tamil Nādu,12.892400,80.080800
1356234558,Vandiyur,Tamil Nādu,9.909200,78.160900
1356172390,Vanduvancheri,Tamil Nādu,10.429200,79.649800
1356737709,Vaniyambadi,Tamil Nādu,12.682500,78.616700
1356209506,Vannikkonendal,Tamil Nādu,8.995900,77.624500
1356934925,Vannivedu,Tamil Nādu,12.917300,79.353000
1356171278,Varadarajampettai,Tamil Nādu,11.355300,79.418600
1356102036,Varatanapalli,Tamil Nādu,12.582800,78.302000
1356234408,Vargaur,Tamil Nādu,11.145200,78.347700
1356139217,Vasudevanallur,Tamil Nādu,9.241700,77.411800
1356020072,Vattalkundu,Tamil Nādu,10.163000,77.758000
1356159350,Vedappatti,Tamil Nādu,10.998800,76.896000
1356350689,Vedaranniyam,Tamil Nādu,10.377400,79.849500
1356044131,Vedasandur,Tamil Nādu,10.531000,77.950200
1356167524,Vegarai,Tamil Nādu,11.090300,77.967900
1356155564,Velakalnattam,Tamil Nādu,12.550500,78.442900
1356982055,Velakkuttai,Tamil Nādu,12.651900,78.693700
1356163714,Velampalaiyam,Tamil Nādu,11.137600,77.310600
1356224792,Velampatti,Tamil Nādu,10.231100,78.229400
1356548924,Velanganni,Tamil Nādu,10.681400,79.850800
1356965281,Velappadi,Tamil Nādu,12.649900,79.315100
1356335324,Vellakkinar,Tamil Nādu,11.073600,76.956600
1356075546,Vellakkovil,Tamil Nādu,10.930000,77.720000
1356168688,Vellalapuram,Tamil Nādu,11.652500,77.938000
1356551522,Vellalur,Tamil Nādu,10.977500,77.026000
1356036166,Vellanur,Tamil Nādu,13.150000,80.100000
1356169162,Vellar,Tamil Nādu,11.893800,77.969800
1356169049,Vellarivalli,Tamil Nādu,11.600300,77.792700
1356167418,Vellavadanparappu,Tamil Nādu,11.185400,77.842500
1356357021,Vellipalaiyam,Tamil Nādu,11.331400,76.981300
1356243135,Vellodu,Tamil Nādu,10.304800,77.955200
1356977661,Vellore,Tamil Nādu,12.916500,79.132500
1356119135,Velur,Tamil Nādu,11.111400,78.004800
1356228075,Vembarpatti,Tamil Nādu,10.250000,78.116700
1356220021,Vembur,Tamil Nādu,10.589300,78.070900
1356050244,Vengattur,Tamil Nādu,13.099900,79.932100
1356085459,Vengavasal,Tamil Nādu,12.899100,80.169000
1356908622,Vengikkal,Tamil Nādu,12.264200,79.067500
1356228863,Vennandur,Tamil Nādu,11.515000,78.090800
1356171527,Veppattur,Tamil Nādu,11.015400,79.434400
1356207396,Verukulambu,Tamil Nādu,8.295300,77.293900
1356184179,Vettaikkaraniruppu,Tamil Nādu,10.573900,79.835300
1356521161,Vettakkaranpudur,Tamil Nādu,10.563700,76.916600
1356960513,Vettavalam,Tamil Nādu,12.107700,79.245200
1356541356,Vijayapati,Tamil Nādu,8.191300,77.747600
1356695115,Vijayapuri,Tamil Nādu,11.230000,77.500000
1356054066,Vikramasingapuram,Tamil Nādu,8.670000,77.330000
1356152686,Vikravandi,Tamil Nādu,12.036900,79.546000
1356236924,Vilachcheri,Tamil Nādu,9.893700,78.060300
1356235420,Vilangudi,Tamil Nādu,9.945800,78.093500
1356160164,Vilangurichchi,Tamil Nādu,11.070900,77.017800
1356651559,Vilattikulam,Tamil Nādu,9.131200,78.168700
1356207386,Vilavur,Tamil Nādu,8.266900,77.305200
1356999657,Villupuram,Tamil Nādu,11.940100,79.486100
1356206036,Vilpatti,Tamil Nādu,10.267200,77.501400
1356945650,Viraganur,Tamil Nādu,11.476100,78.735500
1356024238,Virakeralam,Tamil Nādu,11.007700,76.912600
1356973066,Viralimalai,Tamil Nādu,10.602300,78.547100
1356227809,Viralippatti,Tamil Nādu,10.108100,77.725700
1356165597,Virapandi,Tamil Nādu,11.062500,77.350800
1356214150,Virapandiyanpattanam,Tamil Nādu,8.520000,78.118100
1356169564,Virappanchathiram,Tamil Nādu,11.355300,77.667800
1356206669,Virapperumanallur,Tamil Nādu,11.776300,79.446600
1356157444,Virudunagar,Tamil Nādu,9.568000,77.962400
1356208064,Viswanathaperi,Tamil Nādu,9.335900,77.450000
1356313384,Vriddhachalam,Tamil Nādu,11.500000,79.330000
1356521470,Vubatalai,Tamil Nādu,11.359700,76.764900
1356636684,Walajabad,Tamil Nādu,12.499400,80.147200
1356584798,Walajapet,Tamil Nādu,12.925500,79.365200
1356564734,Wandiwash,Tamil Nādu,12.500000,79.620000
1356997468,Watrap,Tamil Nādu,9.635300,77.638900
1356417394,Wellington,Tamil Nādu,11.365500,76.784400
1356029064,Yercaud,Tamil Nādu,11.779400,78.203400
1356871768,Hyderabad,Telangāna,17.385000,78.486700
1356148992,Agartala,Tripura,23.833300,91.283300
1356011027,Belonia,Tripura,23.250000,91.450000
1356861084,Dharmaragar,Tripura,24.378500,92.178300
1356074575,Kailashahar,Tripura,24.330000,92.020000
1356603574,Udaipur,Tripura,23.538900,91.491700
1356781878,Achhnera,Uttar Pradesh,27.180000,77.770000
1356187395,Agra,Uttar Pradesh,27.180000,78.020000
1356151564,Agwar,Uttar Pradesh,27.180000,78.020000
1356623948,Ajodhya,Uttar Pradesh,26.803600,82.200600
1356710855,Akbarpur,Uttar Pradesh,26.520000,82.620000
1356076391,Aligarh,Uttar Pradesh,27.880000,78.080000
1356146062,Amroha,Uttar Pradesh,28.904400,78.467500
1356833304,Bahraigh,Uttar Pradesh,27.575000,81.594000
1356194087,Ballia,Uttar Pradesh,25.760400,84.147100
1356698199,Bareilly,Uttar Pradesh,28.364000,79.415000
1356401700,Bindki,Uttar Pradesh,26.030000,80.600000
1356639213,Budaun,Uttar Pradesh,28.050000,79.120000
1356067648,Bulandshahr,Uttar Pradesh,28.406900,77.849700
1356575238,Cawnpore,Uttar Pradesh,26.449900,80.331900
1356368808,Charkhari,Uttar Pradesh,25.400000,79.750000
1356743179,Charthawal,Uttar Pradesh,29.550000,77.583300
1356216053,Chaukhata,Uttar Pradesh,25.024700,81.737500
1356868786,Dildarnagar,Uttar Pradesh,25.430900,83.666500
1356107951,Dudhauni,Uttar Pradesh,28.030000,79.090000
1356096916,Etah,Uttar Pradesh,27.630000,78.670000
1356241312,Etawah,Uttar Pradesh,26.770000,79.030000
1356776384,Farrukhabad,Uttar Pradesh,27.390000,79.581000
1356059135,Fatehpur,Uttar Pradesh,25.930000,80.800000
1356099769,Fatehpur Sikri,Uttar Pradesh,27.091100,77.661100
1356032860,Fyzabad,Uttar Pradesh,26.773000,82.146000
1356603709,Gharbara,Uttar Pradesh,28.496200,77.536000
1356691871,Ghaziabad,Uttar Pradesh,28.670000,77.420000
1356773744,Ghazipur,Uttar Pradesh,25.583300,83.566700
1356190221,Gorakhpur,Uttar Pradesh,26.763700,83.403900
1356820012,Hapur,Uttar Pradesh,28.730900,77.775700
1356072147,Hathras,Uttar Pradesh,27.360000,78.030000
1356646586,Jaunpur,Uttar Pradesh,25.730000,82.680000
1356712664,Jhansi,Uttar Pradesh,25.448600,78.569600
1356768694,Kairana,Uttar Pradesh,29.395300,77.205300
1356999222,Kalpi,Uttar Pradesh,26.120000,79.730000
1356389767,Khorabar,Uttar Pradesh,26.740300,83.888900
1356135312,Kulpahar,Uttar Pradesh,25.319000,79.641000
1356525825,Laharpur,Uttar Pradesh,27.720000,80.900000
1356366149,Lalganj,Uttar Pradesh,26.127700,80.785500
1356528413,Loni,Uttar Pradesh,28.750000,77.280000
1356891790,Lucknow,Uttar Pradesh,26.850000,80.950000
1356504467,Mahuakheraganj,Uttar Pradesh,29.130000,78.920000
1356519387,Marahra,Uttar Pradesh,27.750000,78.566700
1356066081,Mathura,Uttar Pradesh,27.492500,77.673600
1356238859,Mau,Uttar Pradesh,25.941700,83.561100
1356390476,Meerut,Uttar Pradesh,28.980000,77.710000
1356427908,Mirzapur,Uttar Pradesh,25.146000,82.569000
1356269375,Moradabad,Uttar Pradesh,28.838900,78.776900
1356592356,Muzaffarnagar,Uttar Pradesh,29.482000,77.700000
1356185479,Nagina,Uttar Pradesh,29.443000,78.433000
1356965243,Nakur,Uttar Pradesh,29.918900,77.304400
1356453583,Nanpara,Uttar Pradesh,27.870000,81.500000
1356087509,Naraura,Uttar Pradesh,28.196700,78.381400
1356577967,Naugaon Sadat,Uttar Pradesh,28.983300,78.416700
1356061939,Nautanwa,Uttar Pradesh,27.430000,83.420000
1356385416,Nawabganj,Uttar Pradesh,28.540000,79.633000
1356110156,Nihtaur,Uttar Pradesh,29.330000,78.380000
1356002491,Noida,Uttar Pradesh,28.570000,77.320000
1356076131,Nurpur,Uttar Pradesh,29.150000,78.400000
1356100800,Obra,Uttar Pradesh,24.420000,82.980000
1356928689,Orai,Uttar Pradesh,25.980000,79.470000
1356332075,Padrauna,Uttar Pradesh,26.900000,83.980000
1356677252,Palia Kalan,Uttar Pradesh,28.450000,80.583300
1356773288,Parasi,Uttar Pradesh,24.190800,82.781700
1356763358,Pawayan,Uttar Pradesh,28.066700,80.100000
1356547940,Phulpur,Uttar Pradesh,25.550000,82.100000
1356285844,Pihani,Uttar Pradesh,27.619900,80.203400
1356147005,Pilibhit,Uttar Pradesh,28.633300,79.766700
1356121422,Pilkhua,Uttar Pradesh,28.712000,77.654500
1356718332,Prayagraj,Uttar Pradesh,25.435800,81.846400
1356085361,Pukhrayan,Uttar Pradesh,26.230000,79.850000
1356012806,Puranpur,Uttar Pradesh,28.520000,80.150000
1356463206,Purwa,Uttar Pradesh,26.470000,80.780000
1356437243,Rae Bareli,Uttar Pradesh,26.223600,81.240300
1356737116,Rajapur,Uttar Pradesh,26.286100,83.130600
1356666569,Rampur,Uttar Pradesh,28.800000,79.000000
1356103379,Rasra,Uttar Pradesh,25.850000,83.850000
1356018224,Rasulpur,Uttar Pradesh,28.570000,77.320000
1356300745,Rath,Uttar Pradesh,25.580000,79.570000
1356918335,Renukut,Uttar Pradesh,24.200000,83.030000
1356904621,Reoti,Uttar Pradesh,25.850000,84.383300
1356141088,Robertsganj,Uttar Pradesh,24.700000,83.070000
1356844988,Rudarpur,Uttar Pradesh,26.429300,83.610400
1356247478,Rudauli,Uttar Pradesh,26.750000,81.750000
1356288209,Sadabad,Uttar Pradesh,27.450000,78.050000
1356233932,Safipur,Uttar Pradesh,26.730000,80.350000
1356139858,Saharanpur,Uttar Pradesh,29.964000,77.546000
1356358964,Sahaspur,Uttar Pradesh,29.121000,78.621000
1356981844,Sahaswan,Uttar Pradesh,28.068000,78.751000
1356246628,Sahawar,Uttar Pradesh,27.800000,78.850000
1356149492,Sahjanwa,Uttar Pradesh,26.750000,83.216700
1356124209,Saidpur,Uttar Pradesh,25.550000,83.180000
1356376216,Sambhal,Uttar Pradesh,28.580000,78.550000
1356573776,Samdhin,Uttar Pradesh,27.137000,79.703000
1356902851,Samthar,Uttar Pradesh,25.840000,78.900000
1356554804,Sandi,Uttar Pradesh,27.300000,79.950000
1356996737,Sandila,Uttar Pradesh,27.080000,80.520000
1356727750,Sardhana,Uttar Pradesh,29.145000,77.610000
1356067521,Sarsawa,Uttar Pradesh,30.016000,77.400000
1356800742,Seohara,Uttar Pradesh,29.220000,78.580000
1356607208,Shahganj,Uttar Pradesh,26.056000,82.682000
1356415439,Shahjanpur,Uttar Pradesh,27.880000,79.910000
1356018667,Shamli,Uttar Pradesh,29.450000,77.320000
1356841862,Shamsabad,Uttar Pradesh,27.020000,78.130000
1356441053,Sherkot,Uttar Pradesh,29.350000,78.580000
1356948529,Shikarpur,Uttar Pradesh,28.281400,78.010800
1356626392,Shikohabad,Uttar Pradesh,27.100000,78.600000
1356494610,Shishgarh,Uttar Pradesh,28.720000,79.320000
1356989226,Sikandarabad,Uttar Pradesh,28.451200,77.695500
1356747004,Sikandarpur,Uttar Pradesh,26.033300,84.050000
1356029003,Sikandra Rao,Uttar Pradesh,27.700000,78.400000
1356633864,Sirsi,Uttar Pradesh,28.640000,78.640000
1356838415,Sitalpur,Uttar Pradesh,27.630000,80.750000
1356843565,Siyana,Uttar Pradesh,28.626900,78.060700
1356965322,Soron,Uttar Pradesh,27.880000,78.750000
1356047123,Suar,Uttar Pradesh,29.027000,79.057000
1356719523,Talbahat,Uttar Pradesh,25.042000,78.433000
1356683773,Tandwa,Uttar Pradesh,26.550000,82.650000
1356100133,Thana Bhawan,Uttar Pradesh,29.583300,77.416700
1356864780,Tilhar,Uttar Pradesh,27.980000,79.730000
1356133451,Tirwa,Uttar Pradesh,26.963300,79.792200
1356203063,Tulsipur,Uttar Pradesh,27.550000,82.420000
1356798262,Tundla,Uttar Pradesh,27.200000,78.280000
1356915497,Unao,Uttar Pradesh,25.578400,78.600600
1356012340,Unnao,Uttar Pradesh,26.550000,80.490000
1356895004,Utehia,Uttar Pradesh,26.480000,89.730000
1356007969,Utraula,Uttar Pradesh,27.320000,82.420000
1356145782,Varanasi,Uttar Pradesh,25.318900,83.012800
1356168243,Vrindavan,Uttar Pradesh,27.580000,77.700000
1356767674,Zaidpur,Uttar Pradesh,26.830000,81.330000
1356580984,Zamania,Uttar Pradesh,25.419400,83.556900
1356045284,Almora,Uttarākhand,29.597100,79.659100
1356630152,Bageshwar,Uttarākhand,29.838000,79.771000
1356083312,Barkot,Uttarākhand,30.820000,78.200000
1356002563,Bhararisain,Uttarākhand,30.098600,79.265800
1356123363,Bhatpuri,Uttarākhand,29.170000,79.160000
1356970407,Dehra Dun,Uttarākhand,30.345000,78.029000
1356364330,Doiwala,Uttarākhand,30.176000,78.124000
1356122882,Gadarpur,Uttarākhand,29.043700,79.246500
1356707000,Harbatpur,Uttarākhand,30.450000,77.730000
1356090741,Haridwar,Uttarākhand,29.945000,78.163000
1356100934,Jaspur,Uttarākhand,29.283300,78.816700
1356341833,Jhabrera,Uttarākhand,29.809100,77.773400
1356268711,Joshimath,Uttarākhand,30.555000,79.565000
1356055136,Kela Khera,Uttarākhand,29.090000,79.190000
1356442679,Khatima,Uttarākhand,28.920000,79.970000
1356016973,Kichha,Uttarākhand,28.920000,79.500000
1356826143,Kotdwara,Uttarākhand,29.750000,78.530000
1356563386,Laksar,Uttarākhand,29.749000,78.024000
1356731751,Landhaura,Uttarākhand,29.820000,77.930000
1356014281,Manglaur,Uttarākhand,29.800000,77.870000
1356713058,Mussoorie,Uttarākhand,30.450000,78.080000
1356327557,Nagla,Uttarākhand,29.010000,79.510000
1356070793,Naini Tal,Uttarākhand,29.391900,79.454200
1356678121,Pauri,Uttarākhand,30.150000,78.780000
1356198469,Pithoragarh,Uttarākhand,29.580000,80.220000
1356653209,Ramnagar,Uttarākhand,29.400000,79.120000
1356965119,Rishikesh,Uttarākhand,30.108300,78.297200
1356437436,Rudarpur,Uttarākhand,28.970800,79.397200
1356644315,Rudraprayag,Uttarākhand,30.280000,78.980000
1356157911,Sitarganj,Uttarākhand,28.930000,79.700000
1356107519,Srinagar,Uttarākhand,30.220000,78.780000
1356063593,Sultanpur,Uttarākhand,29.160000,79.060000
1356824248,Tanakpur,Uttarākhand,29.074000,80.109000
1356223714,Tehri,Uttarākhand,30.380000,78.480000
1356765143,Uttarkashi,Uttarākhand,30.730000,78.450000
1356377577,Vikasnagar,Uttarākhand,30.468000,77.774000
1356918249,Adra,West Bengal,23.500000,86.670000
1356692177,Ahmadpur,West Bengal,23.830100,87.686600
1356472105,Alipur Duar,West Bengal,26.489000,89.527000
1356444911,Ambhua,West Bengal,24.556800,87.865100
1356436848,Amgachia,West Bengal,22.415600,88.305100
1356710048,Amta,West Bengal,22.583400,88.010400
1356179828,Amtala,West Bengal,22.220000,88.170000
1356681205,Andal,West Bengal,23.600000,87.200000
1356686856,Antardipa,West Bengal,24.644200,87.921300
1356169521,Arambagh,West Bengal,22.880000,87.780000
1356479945,Aroali,West Bengal,23.914600,88.146400
1356093694,Asansol,West Bengal,23.680000,86.990000
1356656921,Ayas,West Bengal,24.250800,87.778400
1356751575,Badantola,West Bengal,25.240200,87.961700
1356407381,Badkulla,West Bengal,23.280000,88.530000
1356034082,Baduria,West Bengal,22.740000,88.790000
1356776559,Bagnan,West Bengal,22.470000,87.970000
1356186106,Bagula,West Bengal,23.335000,88.644000
1356004919,Bahagalpur,West Bengal,24.593400,87.953600
1356612685,Baharampur,West Bengal,24.100000,88.250000
1356142669,Baharu,West Bengal,22.204000,88.428300
1356754233,Bahutal,West Bengal,24.560000,87.890000
1356079081,Baidyabati,West Bengal,22.790000,88.320000
1356060972,Baikunthapur,West Bengal,22.911700,87.966800
1356102140,Baj Baj,West Bengal,22.482800,88.181800
1356027247,Balarampur,West Bengal,26.243200,89.586300
1356113138,Bali,West Bengal,22.650000,88.340000
1356051781,Balupur,West Bengal,25.261100,87.894700
1356496150,Balurghat,West Bengal,25.220000,88.760000
1356624441,Bangaon,West Bengal,23.043500,88.831800
1356096653,Bankra,West Bengal,22.630000,88.300000
1356582158,Bankura,West Bengal,23.250000,87.066700
1356897672,Bansbaria,West Bengal,22.970000,88.400000
1356001065,Banta,West Bengal,24.102500,88.286400
1356955037,Bara,West Bengal,24.314600,87.964300
1356028053,Bara Belun,West Bengal,23.400700,87.973300
1356768708,Barakpur,West Bengal,22.764200,88.377600
1356644721,Barasat,West Bengal,22.720000,88.480000
1356062166,Barddhaman,West Bengal,23.233300,87.866700
1356294396,Barjora,West Bengal,23.433300,87.283300
1356722689,Barnia,West Bengal,23.731100,88.432900
1356275520,Baruipur,West Bengal,22.365400,88.432500
1356955537,Barwan,West Bengal,23.940900,87.935000
1356109985,Basirhat,West Bengal,22.661200,88.866000
1356095667,Basudebpur,West Bengal,21.825600,87.619000
1356688611,Bauria,West Bengal,22.452100,88.185300
1356175916,Bawali,West Bengal,22.415000,88.188900
1356212214,Baynala,West Bengal,22.527700,88.558000
1356787471,Begampur,West Bengal,22.370500,88.494000
1356014870,Belakoba,West Bengal,26.574400,88.605200
1356073095,Beldanga,West Bengal,23.930000,88.250000
1356759284,Belpukur,West Bengal,21.985100,88.212500
1356337976,Berubari,West Bengal,26.360300,88.715200
1356237076,Bhabanipur,West Bengal,24.715300,87.922700
1356320019,Bhadreswar,West Bengal,22.820000,88.350000
1356672735,Bhagabanpur,West Bengal,24.776500,88.021700
1356116155,Bhagwangola,West Bengal,24.348500,88.324300
1356177796,Bhangar,West Bengal,22.580000,88.420000
1356371010,Bhanukumari,West Bengal,26.339500,89.769700
1356022456,Bhatpara,West Bengal,22.870000,88.410000
1356498752,Binnaguri,West Bengal,26.460000,89.200000
1356443025,Bishnupur,West Bengal,23.073900,87.320000
1356123985,Bolpur,West Bengal,23.670000,87.720000
1356876532,Chaital,West Bengal,22.510600,88.799600
1356000447,Chakapara,West Bengal,22.630000,88.350000
1356089316,Chakdaha,West Bengal,23.080000,88.520000
1356650026,Chaltabaria,West Bengal,21.999600,88.531200
1356101477,Champadanga,West Bengal,22.827500,87.984400
1356545706,Champahati,West Bengal,22.400000,88.500000
1356132208,Champdani,West Bengal,22.800000,88.370000
1356084280,Chandankiari,West Bengal,23.578100,86.359800
1356174802,Chandannagar,West Bengal,22.867100,88.367400
1356146343,Chandi,West Bengal,22.350300,88.282800
1356602192,Chandpur,West Bengal,22.436800,88.171100
1356507688,Chandrakona,West Bengal,22.730000,87.520000
1356891953,Chapra,West Bengal,23.537100,88.552700
1356210457,Charabidya,West Bengal,22.327100,88.787900
1356096734,Chawalhati,West Bengal,26.461400,88.266000
1356065859,Chilakhana,West Bengal,26.299000,89.589200
1356842137,Chittaranjan,West Bengal,23.870000,86.870000
1356435959,Chota Mollakhali,West Bengal,22.217700,88.895700
1356843727,Chunakhali,West Bengal,22.301000,88.795100
1356643000,Contai,West Bengal,21.780000,87.750000
1356094914,Cossimbazar,West Bengal,24.120000,88.280000
1356115411,Daita,West Bengal,24.454800,87.857300
1356729017,Dalkola,West Bengal,25.875800,87.840100
1356051452,Dam Dam,West Bengal,22.620000,88.420000
1356267176,Darjeeling,West Bengal,27.037500,88.263100
1356531302,Dattapara,West Bengal,22.849100,88.902300
1356802865,Dattapulia,West Bengal,23.240400,88.711500
1356122184,Daulatnagar,West Bengal,25.321600,87.844300
1356152465,Daulatpur,West Bengal,25.368200,87.898300
1356831548,Debagram,West Bengal,23.683300,88.283300
1356600666,Dhamua,West Bengal,22.287500,88.396200
1356003782,Dhantola,West Bengal,26.201600,88.109500
1356121393,Dharir,West Bengal,22.333700,88.732400
1356241829,Dhulian,West Bengal,24.680000,87.970000
1356217672,Dhupgari,West Bengal,26.600000,89.020000
1356247896,Diamond Harbour,West Bengal,22.191000,88.190500
1356585729,Dighirpar,West Bengal,22.303400,88.667800
1356871105,Dinhata,West Bengal,26.130000,89.470000
1356586621,Dogachi,West Bengal,24.619500,87.922100
1356465911,Domahani,West Bengal,23.756900,87.025600
1356328027,Dora,West Bengal,22.122100,88.614300
1356740995,Dubrajpur,West Bengal,23.800000,87.380000
1356922708,Dumjor,West Bengal,22.640000,88.220000
1356045686,Durgapur,West Bengal,23.550000,87.320000
1356806752,Egra,West Bengal,21.900000,87.530000
1356913401,Fakirtaki,West Bengal,22.381500,88.790100
1356059125,Falakata,West Bengal,26.530000,89.200000
1356480147,Falimari,West Bengal,26.385600,89.823300
1356510711,Farakka,West Bengal,24.820000,87.900000
1356847421,Fatehpur,West Bengal,25.303200,87.862300
1356039133,Galsi,West Bengal,23.342700,87.688500
1356790764,Ganga Sagar,West Bengal,21.657100,88.080000
1356470216,Gangajalghati,West Bengal,23.420000,87.120000
1356994707,Gangarampur,West Bengal,25.400000,88.520000
1356885496,Garulia,West Bengal,22.820000,88.370000
1356435927,Ghatal,West Bengal,22.670000,87.720000
1356149424,Ghoradal,West Bengal,22.051900,88.359400
1356659506,Gilarchat,West Bengal,22.070300,88.445500
1356054875,Giria,West Bengal,24.516700,88.066700
1356963190,Gobardanga,West Bengal,22.870000,88.760000
1356966986,Gok,West Bengal,27.106500,88.245900
1356378146,Gokarna,West Bengal,24.030600,88.118100
1356042822,Gopalnagar,West Bengal,24.806300,88.079600
1356041960,Guskhara,West Bengal,23.492800,87.734700
1356091822,Habra,West Bengal,22.830000,88.630000
1356491171,Haldia,West Bengal,22.066700,88.069800
1356516679,Haldibari,West Bengal,26.330000,88.770000
1356242644,Halisahar,West Bengal,22.950000,88.420000
1356986516,Haora,West Bengal,22.580000,88.329400
1356090743,Hariharpara,West Bengal,24.046800,88.424400
1356085339,Harua,West Bengal,24.524900,87.993100
1356109548,Hugli,West Bengal,22.908900,88.396700
1356656331,Iarpur,West Bengal,22.299800,88.299400
1356142829,Ingraj Bazar,West Bengal,25.004400,88.145800
1356028148,Islampur,West Bengal,26.270000,88.200000
1356912324,Jagdispur,West Bengal,22.650000,88.290000
1356450301,Jaipur,West Bengal,23.431300,86.149300
1356763479,Jalpaiguri,West Bengal,26.516700,88.733300
1356241630,Janai,West Bengal,22.715700,88.242600
1356020133,Janapul,West Bengal,22.861500,88.686800
1356655968,Jangipur,West Bengal,24.470000,88.070000
1356557030,Jaynagar-Majilpur,West Bengal,22.175200,88.420100
1356322402,Jaypul,West Bengal,22.783300,88.569500
1356425223,Jhalida,West Bengal,23.365400,85.975800
1356046912,Jhargram,West Bengal,22.450000,86.980000
1356818151,Jiaganj,West Bengal,24.230000,88.270000
1356155162,Jujharpur,West Bengal,25.751400,87.963400
1356308388,Kachhari,West Bengal,22.073200,88.427600
1356562790,Kakdwip,West Bengal,21.879100,88.191300
1356758403,Kalaikunda,West Bengal,22.339200,87.226400
1356460672,Kalchini,West Bengal,26.697900,89.456800
1356538008,Kaliganj,West Bengal,23.734800,88.229300
1356392969,Kalimpong,West Bengal,27.060000,88.470000
1356809062,Kalinagar,West Bengal,22.438300,88.115000
1356116477,Kaliyaganj,West Bengal,25.630000,88.320000
1356051768,Kalna,West Bengal,23.220000,88.370000
1356108133,Kalyani,West Bengal,22.975000,88.434400
1356656536,Kamargani,West Bengal,22.547500,88.660600
1356676559,Kamarhati,West Bengal,22.668600,88.370400
1356972843,Kanakpur,West Bengal,24.497600,88.036100
1356022687,Kanchrapara,West Bengal,22.945600,88.433200
1356979141,Kandi,West Bengal,23.959500,88.040200
1356591513,Kankandighi,West Bengal,21.974400,88.465900
1356994427,Kankuria,West Bengal,24.658000,87.979400
1356853498,Karimpur,West Bengal,23.966700,88.616700
1356532333,Karsiyang,West Bengal,26.880000,88.280000
1356850577,Katigang,West Bengal,25.415700,87.824500
1356487359,Katoya,West Bengal,23.650000,88.130000
1356046002,Kesabpur,West Bengal,22.970000,88.260000
1356142528,Ketugram,West Bengal,23.695700,88.041400
1356305803,Kharagpur,West Bengal,22.330200,87.323700
1356793502,Kharar,West Bengal,22.700000,87.680000
1356765227,Khardah,West Bengal,22.720000,88.380000
1356376857,Khargram,West Bengal,24.023200,87.987800
1356124124,Khasbalanda,West Bengal,22.588100,88.688700
1356147739,Khirpai,West Bengal,22.711000,87.617400
1356121274,Koch Bihar,West Bengal,26.324200,89.451000
1356749040,Kokiladanga,West Bengal,26.345200,89.515700
1356776203,Kola,West Bengal,22.430000,87.870000
1356060520,Kolkata,West Bengal,22.567500,88.370000
1356847696,Kotra,West Bengal,22.706200,88.541100
1356128689,Krishnanagar,West Bengal,23.400000,88.500000
1356078973,Krishnapur,West Bengal,24.412300,88.258200
1356864766,Kuli,West Bengal,24.736600,87.942600
1356025767,Kumarkhali,West Bengal,22.359800,88.799000
1356708218,Kumirimora,West Bengal,22.693900,88.219200
1356040797,Lakhipur,West Bengal,26.328100,88.386300
1356049004,Lalgola,West Bengal,24.420000,88.250000
1356082919,Madanpur,West Bengal,23.020000,88.480000
1356501701,Madhyamgram,West Bengal,22.700000,88.450000
1356296868,Mahadebnagar,West Bengal,24.689600,87.938400
1356139009,Mahadipur,West Bengal,24.856600,88.124800
1356022399,Mahalandi,West Bengal,24.073800,88.121400
1356131619,Mahespur,West Bengal,24.861600,88.044700
1356110820,Mahiari,West Bengal,22.590000,88.240000
1356149706,Mainaguri,West Bengal,26.564000,88.820000
1356764235,Makaya,West Bengal,25.224200,87.864000
1356456699,Malancha,West Bengal,24.666000,87.922000
1356350335,Maldah,West Bengal,25.011900,88.143300
1356136425,Malior,West Bengal,25.390000,87.847300
1356087413,Malipakar,West Bengal,25.356700,87.900500
1356784403,Manbazar,West Bengal,23.061500,86.664200
1356908397,Mangalkot,West Bengal,23.521300,87.911900
1356698226,Mankur,West Bengal,23.431200,87.557800
1356037058,Mansong,West Bengal,27.166200,88.574400
1356795086,Manteswar,West Bengal,23.422500,88.107500
1356114722,Margram,West Bengal,24.151600,87.844200
1356999276,Matabhanga,West Bengal,26.342000,89.215500
1356113261,Mayahaura,West Bengal,22.183400,88.499800
1356705588,Mayureswar,West Bengal,23.985100,87.772800
1356432910,Medinipur,West Bengal,22.424000,87.319000
1356560015,Memari,West Bengal,23.200000,88.120000
1356023990,Metekora,West Bengal,22.188100,88.597300
1356796096,Mirik,West Bengal,26.887000,88.187000
1356115899,Mitrapur,West Bengal,24.437100,87.966600
1356171822,Multi,West Bengal,22.284700,88.405300
1356999062,Muragacha,West Bengal,22.690000,88.420000
1356366405,Murshidabad,West Bengal,24.180000,88.270000
1356015575,Muthabana,West Bengal,24.920300,88.032900
1356675788,Nagar,West Bengal,24.091400,87.988800
1356265513,Nagtala,West Bengal,22.369300,88.607100
1356632745,Nahazari,West Bengal,22.434700,88.248700
1356715598,Naihati,West Bengal,22.890000,88.420000
1356342288,Nalgora,West Bengal,22.034600,88.474300
1356705146,Nalhati,West Bengal,24.300000,87.820000
1356015232,Nalua,West Bengal,22.105100,88.461900
1356961923,Natshal,West Bengal,22.195700,88.027200
1356449184,Navadwip,West Bengal,23.408800,88.365700
1356808460,Nazira,West Bengal,22.218000,88.275700
1356924997,Nibria,West Bengal,22.610000,88.250000
1356997742,Nij Khari,West Bengal,22.092900,88.428800
1356110154,Nijgaon Paranpur,West Bengal,25.155900,87.973200
1356894248,Odlabari,West Bengal,26.836400,88.629400
1356281686,Paiker,West Bengal,24.438800,87.907300
1356378672,Paikpara,West Bengal,24.314900,87.850300
1356301670,Palashi,West Bengal,23.789800,88.258300
1356286330,Panchanandapur,West Bengal,24.933900,87.976100
1356279119,Panchgram,West Bengal,24.199600,88.007700
1356068400,Panchla,West Bengal,22.540000,88.140000
1356460941,Pandua,West Bengal,23.080000,88.280000
1356118632,Panihati,West Bengal,22.690000,88.370000
1356550147,Panjipara,West Bengal,26.136900,88.013200
1356744342,Panskura,West Bengal,22.420000,87.700000
1356401794,Para,West Bengal,23.514200,86.498000
1356075890,Patiram,West Bengal,25.316700,88.750000
1356961094,Patrasaer,West Bengal,23.196800,87.527200
1356023714,Petua,West Bengal,22.414300,88.448900
1356774840,Phagu,West Bengal,26.840300,88.768200
1356010831,Pujali,West Bengal,22.467900,88.145200
1356350196,Puruliya,West Bengal,23.333300,86.366700
1356255292,Raghudebbati,West Bengal,22.530000,88.200000
1356379674,Raghunathpur,West Bengal,23.550000,86.670000
1356159126,Raiganj,West Bengal,25.620000,88.120000
1356531992,Rajbalhai,West Bengal,22.760000,88.040000
1356144679,Rajmahal,West Bengal,25.050000,87.840000
1356624053,Rajnagar,West Bengal,23.950000,87.320000
1356234983,Ramchandrapur,West Bengal,23.920800,88.362100
1356578747,Ramjibanpur,West Bengal,22.830000,87.620000
1356231269,Ramkali,West Bengal,22.335100,88.356200
1356026794,Ramnagar,West Bengal,22.324500,88.494000
1356114247,Rampur,West Bengal,26.442400,89.803800
1356074159,Rampur Hat,West Bengal,24.170000,87.780000
1356577877,Ranaghat,West Bengal,23.180000,88.580000
1356348693,Rangamati,West Bengal,26.804000,89.439200
1356339732,Rishra,West Bengal,22.710000,88.350000
1356549473,Rudra Nagar,West Bengal,24.384100,87.884000
1356188574,Sabang,West Bengal,22.183000,87.599000
1356064505,Sahapur,West Bengal,22.520000,88.170000
1356561407,Sainthia,West Bengal,23.945100,87.680300
1356407230,Saktipur,West Bengal,23.864000,88.198700
1356546647,Salar,West Bengal,23.774800,88.102600
1356720205,Salt Lake City,West Bengal,22.610000,88.400000
1356550174,Salua,West Bengal,22.610000,88.270000
1356286381,Samalpur,West Bengal,25.196100,88.041900
1356384809,Sanatikri,West Bengal,22.019800,88.502600
1356477305,Sankrail,West Bengal,22.570000,88.240000
1356064506,Saranga,West Bengal,22.540000,88.210000
1356971977,Satgachia,West Bengal,23.264100,88.160000
1356727951,Senda,West Bengal,24.497600,88.068400
1356584320,Shantipur,West Bengal,23.250000,88.430000
1356724691,Shiliguri,West Bengal,26.710000,88.430000
1356021505,Shrirampur,West Bengal,22.750000,88.340000
1356030287,Shyamnagar,West Bengal,22.970000,88.380000
1356043177,Singhbari,West Bengal,25.394600,88.013100
1356135248,Singur,West Bengal,22.810000,88.230000
1356022394,Sitalkuchi,West Bengal,26.169700,89.191400
1356042495,Siuri,West Bengal,23.910000,87.527000
1356109145,Sonada,West Bengal,27.000000,88.140000
1356587924,Sonakhal,West Bengal,22.221300,88.693900
1356334677,Sonamukhi,West Bengal,23.300000,87.420000
1356033928,Srikhanda,West Bengal,23.598400,88.087100
1356068749,Srikrishnapur,West Bengal,22.971700,88.035100
1356740992,Suknadanga,West Bengal,24.460000,88.050000
1356065941,Taki,West Bengal,22.590000,88.920000
1356114899,Talsur,West Bengal,25.366700,87.851200
1356893735,Tamluk,West Bengal,22.300000,87.920000
1356820799,Tarakeswar,West Bengal,22.890000,88.020000
1356819415,Tehata,West Bengal,23.727400,88.533100
1356146174,Tekpanja,West Bengal,22.210100,88.308800
1356566924,Tiorpara,West Bengal,22.235100,88.554000
1356590173,Titagarh,West Bengal,22.740000,88.370000
1356500654,Tufanganj,West Bengal,26.320000,89.670000
1356533903,Tulin,West Bengal,23.370000,85.900000
1356354610,Uluberiya,West Bengal,22.470000,88.110000
1356439102,Umrapur,West Bengal,24.586300,87.929400
1356521277,Usmanpur,West Bengal,24.921800,88.012400
1356370311,Uttarpara,West Bengal,22.670000,88.350000
